g15244.t1	ff5dfa4a6a9690398445be13323cfec5	215	MobiDBLite	mobidb-lite	consensus disorder prediction	1	30	-	T	06-07-2026	-	-	-	-
g17107.t1	9d93eb980ba285d05cf30ba62d0d49f1	537	MobiDBLite	mobidb-lite	consensus disorder prediction	365	390	-	T	06-07-2026	-	-	-	-
g17107.t1	9d93eb980ba285d05cf30ba62d0d49f1	537	PANTHER	PTHR47331	PHD-TYPE DOMAIN-CONTAINING PROTEIN	84	359	1.0E-12	T	06-07-2026	-	-	-	-
g17107.t1	9d93eb980ba285d05cf30ba62d0d49f1	537	Pfam	PF22936	Pol polyprotein, beta-barrel domain	416	499	1.4E-14	T	06-07-2026	IPR054722	Retrovirus-related Pol polyprotein from transposon TNT 1-94-like, beta-barrel domain	-	-
g17107.t1	9d93eb980ba285d05cf30ba62d0d49f1	537	Coils	Coil	Coil	270	290	-	T	06-07-2026	-	-	-	-
g17107.t1	9d93eb980ba285d05cf30ba62d0d49f1	537	Pfam	PF03564	Protein of unknown function (DUF1759)	134	278	2.7E-15	T	06-07-2026	IPR005312	Domain of unknown function DUF1759	-	-
g596.t1	63d7b60ae13ae6f54e0d6ab647e4d103	579	Pfam	PF26100	Recombination-activation protein 1 (RAG1) RNase H domain	108	227	1.4E-5	T	06-07-2026	IPR058554	V(D)J recombination-activating protein 1, RNase H domain	-	MetaCyc:PWY-7511|Reactome:R-HSA-1266695|Reactome:R-HSA-5687128
g596.t1	63d7b60ae13ae6f54e0d6ab647e4d103	579	MobiDBLite	mobidb-lite	consensus disorder prediction	558	568	-	T	06-07-2026	-	-	-	-
g596.t1	63d7b60ae13ae6f54e0d6ab647e4d103	579	MobiDBLite	mobidb-lite	consensus disorder prediction	569	579	-	T	06-07-2026	-	-	-	-
g596.t1	63d7b60ae13ae6f54e0d6ab647e4d103	579	MobiDBLite	mobidb-lite	consensus disorder prediction	558	579	-	T	06-07-2026	-	-	-	-
g19121.t1	7cbf33ed60605caaccd54ac45ac62e5a	139	MobiDBLite	mobidb-lite	consensus disorder prediction	35	62	-	T	06-07-2026	-	-	-	-
g19121.t1	7cbf33ed60605caaccd54ac45ac62e5a	139	MobiDBLite	mobidb-lite	consensus disorder prediction	49	62	-	T	06-07-2026	-	-	-	-
g13694.t1	e79feca3b22ae06289c7df75bdb2bc19	390	Coils	Coil	Coil	338	369	-	T	06-07-2026	-	-	-	-
g13694.t1	e79feca3b22ae06289c7df75bdb2bc19	390	Coils	Coil	Coil	58	85	-	T	06-07-2026	-	-	-	-
g13694.t1	e79feca3b22ae06289c7df75bdb2bc19	390	SignalP_GRAM_POSITIVE	SignalP-TM	SignalP-TM	1	24	-	T	06-07-2026	-	-	-	-
g13694.t1	e79feca3b22ae06289c7df75bdb2bc19	390	MobiDBLite	mobidb-lite	consensus disorder prediction	17	39	-	T	06-07-2026	-	-	-	-
g13694.t1	e79feca3b22ae06289c7df75bdb2bc19	390	MobiDBLite	mobidb-lite	consensus disorder prediction	1	46	-	T	06-07-2026	-	-	-	-
g13694.t2	9f5f1f2590a15def16048bce09993075	302	Coils	Coil	Coil	58	85	-	T	06-07-2026	-	-	-	-
g13694.t2	9f5f1f2590a15def16048bce09993075	302	SignalP_GRAM_POSITIVE	SignalP-TM	SignalP-TM	1	24	-	T	06-07-2026	-	-	-	-
g13694.t2	9f5f1f2590a15def16048bce09993075	302	CDD	cd14686	bZIP	48	84	0.00428798	T	06-07-2026	-	-	-	-
g13694.t2	9f5f1f2590a15def16048bce09993075	302	MobiDBLite	mobidb-lite	consensus disorder prediction	17	39	-	T	06-07-2026	-	-	-	-
g13694.t2	9f5f1f2590a15def16048bce09993075	302	MobiDBLite	mobidb-lite	consensus disorder prediction	1	46	-	T	06-07-2026	-	-	-	-
g13363.t1	c05749ead7d6764854bfe0c785b35f3d	482	Gene3D	G3DSA:3.90.320.10	-	248	463	1.2E-20	T	06-07-2026	IPR011604	PD-(D/E)XK endonuclease-like domain superfamily	-	Reactome:R-BTA-174437|Reactome:R-BTA-5685938|Reactome:R-BTA-5685942|Reactome:R-BTA-5693568|Reactome:R-BTA-5693579|Reactome:R-BTA-5693607|Reactome:R-BTA-5693616|Reactome:R-BTA-6804756|Reactome:R-BTA-69166|Reactome:R-BTA-69473|Reactome:R-HSA-174437|Reactome:R-HSA-5685938|Reactome:R-HSA-5685942|Reactome:R-HSA-5693554|Reactome:R-HSA-5693568|Reactome:R-HSA-5693579|Reactome:R-HSA-5693607|Reactome:R-HSA-5693616|Reactome:R-HSA-6804756|Reactome:R-HSA-69166|Reactome:R-HSA-69473|Reactome:R-HSA-9701192|Reactome:R-HSA-9704331|Reactome:R-HSA-9704646|Reactome:R-HSA-9709570|Reactome:R-HSA-9709603|Reactome:R-HSA-9913635|Reactome:R-MMU-174437|Reactome:R-MMU-5685938|Reactome:R-MMU-5685942|Reactome:R-MMU-5693568|Reactome:R-MMU-5693579|Reactome:R-MMU-5693607|Reactome:R-MMU-5693616|Reactome:R-MMU-6804756|Reactome:R-MMU-69166|Reactome:R-MMU-69473|Reactome:R-RNO-174437|Reactome:R-RNO-5685938|Reactome:R-RNO-5685942|Reactome:R-RNO-5693568|Reactome:R-RNO-5693579|Reactome:R-RNO-5693607|Reactome:R-RNO-5693616|Reactome:R-RNO-6804756|Reactome:R-RNO-69166|Reactome:R-RNO-69473|Reactome:R-SPO-69166
g13363.t1	c05749ead7d6764854bfe0c785b35f3d	482	SUPERFAMILY	SSF52980	Restriction endonuclease-like	252	453	6.43E-10	T	06-07-2026	IPR011335	Restriction endonuclease type II-like	-	Reactome:R-BTA-5685938|Reactome:R-BTA-5696395|Reactome:R-BTA-5696400|Reactome:R-BTA-6782135|Reactome:R-BTA-6783310|Reactome:R-DDI-5696395|Reactome:R-DDI-6782135|Reactome:R-DME-5696395|Reactome:R-DME-5696400|Reactome:R-DME-6782135|Reactome:R-DRE-5693568|Reactome:R-DRE-6783310|Reactome:R-HSA-5685938|Reactome:R-HSA-5693568|Reactome:R-HSA-5696395|Reactome:R-HSA-5696400|Reactome:R-HSA-6782135|Reactome:R-HSA-6783310|Reactome:R-HSA-9609690|Reactome:R-HSA-9833482|Reactome:R-HSA-9913635|Reactome:R-MMU-5685938|Reactome:R-MMU-5693568|Reactome:R-MMU-5696395|Reactome:R-MMU-5696400|Reactome:R-MMU-6782135|Reactome:R-MMU-6783310|Reactome:R-MMU-9833482|Reactome:R-RNO-5693568|Reactome:R-RNO-6783310|Reactome:R-SCE-5693568|Reactome:R-SCE-6782135|Reactome:R-SPO-5693568|Reactome:R-SPO-5696395|Reactome:R-SPO-5696400|Reactome:R-SPO-6782135|Reactome:R-XTR-5693568
g13363.t1	c05749ead7d6764854bfe0c785b35f3d	482	PANTHER	PTHR46609	EXONUCLEASE, PHAGE-TYPE/RECB, C-TERMINAL DOMAIN-CONTAINING PROTEIN	174	466	3.1E-24	T	06-07-2026	IPR051703	NF-kappa-B Signaling Regulator	-	-
g18444.t1	ddf54046d7f0d2b03273c2e8193daf42	180	Phobius	NON_CYTOPLASMIC_DOMAIN	Region of a membrane-bound protein predicted to be outside the membrane, in the extracellular region.	31	180	-	T	06-07-2026	-	-	-	-
g18444.t1	ddf54046d7f0d2b03273c2e8193daf42	180	Phobius	SIGNAL_PEPTIDE_C_REGION	C-terminal region of a signal peptide.	24	30	-	T	06-07-2026	-	-	-	-
g18444.t1	ddf54046d7f0d2b03273c2e8193daf42	180	Phobius	SIGNAL_PEPTIDE_N_REGION	N-terminal region of a signal peptide.	1	12	-	T	06-07-2026	-	-	-	-
g18444.t1	ddf54046d7f0d2b03273c2e8193daf42	180	Phobius	SIGNAL_PEPTIDE	Signal peptide region	1	30	-	T	06-07-2026	-	-	-	-
g18444.t1	ddf54046d7f0d2b03273c2e8193daf42	180	TMHMM	TMhelix	Region of a membrane-bound protein predicted to be embedded in the membrane.	13	30	-	T	06-07-2026	-	-	-	-
g18444.t1	ddf54046d7f0d2b03273c2e8193daf42	180	Phobius	SIGNAL_PEPTIDE_H_REGION	Hydrophobic region of a signal peptide.	13	23	-	T	06-07-2026	-	-	-	-
g18444.t1	ddf54046d7f0d2b03273c2e8193daf42	180	MobiDBLite	mobidb-lite	consensus disorder prediction	72	97	-	T	06-07-2026	-	-	-	-
g19161.t1	0573dc784031b51d3223a820c476353f	193	Hamap	MF_01151	Protein GrpE [grpE].	10	189	19.142862	T	06-07-2026	IPR000740	GrpE nucleotide exchange factor	GO:0000774(InterPro)|GO:0006457(InterPro)|GO:0042803(InterPro)|GO:0051087(InterPro)	Reactome:R-HSA-1268020|Reactome:R-HSA-9918481
g19161.t1	0573dc784031b51d3223a820c476353f	193	PRINTS	PR00773	GrpE protein signature	56	72	1.5E-22	T	06-07-2026	IPR000740	GrpE nucleotide exchange factor	GO:0000774(InterPro)|GO:0006457(InterPro)|GO:0042803(InterPro)|GO:0051087(InterPro)	Reactome:R-HSA-1268020|Reactome:R-HSA-9918481
g19161.t1	0573dc784031b51d3223a820c476353f	193	PRINTS	PR00773	GrpE protein signature	141	156	1.5E-22	T	06-07-2026	IPR000740	GrpE nucleotide exchange factor	GO:0000774(InterPro)|GO:0006457(InterPro)|GO:0042803(InterPro)|GO:0051087(InterPro)	Reactome:R-HSA-1268020|Reactome:R-HSA-9918481
g19161.t1	0573dc784031b51d3223a820c476353f	193	PRINTS	PR00773	GrpE protein signature	84	99	1.5E-22	T	06-07-2026	IPR000740	GrpE nucleotide exchange factor	GO:0000774(InterPro)|GO:0006457(InterPro)|GO:0042803(InterPro)|GO:0051087(InterPro)	Reactome:R-HSA-1268020|Reactome:R-HSA-9918481
g19161.t1	0573dc784031b51d3223a820c476353f	193	PRINTS	PR00773	GrpE protein signature	168	187	1.5E-22	T	06-07-2026	IPR000740	GrpE nucleotide exchange factor	GO:0000774(InterPro)|GO:0006457(InterPro)|GO:0042803(InterPro)|GO:0051087(InterPro)	Reactome:R-HSA-1268020|Reactome:R-HSA-9918481
g19161.t1	0573dc784031b51d3223a820c476353f	193	Pfam	PF01025	GrpE	25	189	7.5E-47	T	06-07-2026	IPR000740	GrpE nucleotide exchange factor	GO:0000774(InterPro)|GO:0006457(InterPro)|GO:0042803(InterPro)|GO:0051087(InterPro)	Reactome:R-HSA-1268020|Reactome:R-HSA-9918481
g19161.t1	0573dc784031b51d3223a820c476353f	193	NCBIfam	NF010758	nucleotide exchange factor GrpE	20	190	2.2E-61	T	06-07-2026	-	-	-	-
g19161.t1	0573dc784031b51d3223a820c476353f	193	NCBIfam	NF010738	nucleotide exchange factor GrpE	17	188	8.9E-37	T	06-07-2026	-	-	-	-
g19161.t1	0573dc784031b51d3223a820c476353f	193	ProSitePatterns	PS01071	grpE protein signature.	144	187	-	T	06-07-2026	IPR000740	GrpE nucleotide exchange factor	GO:0000774(InterPro)|GO:0006457(InterPro)|GO:0042803(InterPro)|GO:0051087(InterPro)	Reactome:R-HSA-1268020|Reactome:R-HSA-9918481
g19161.t1	0573dc784031b51d3223a820c476353f	193	FunFam	G3DSA:2.30.22.10:FF:000001	Protein GrpE	132	188	1.7E-21	T	06-07-2026	-	-	-	-
g19161.t1	0573dc784031b51d3223a820c476353f	193	SUPERFAMILY	SSF51064	Head domain of nucleotide exchange factor GrpE	138	189	3.27E-15	T	06-07-2026	IPR009012	GrpE nucleotide exchange factor, head	GO:0006457(InterPro)	Reactome:R-HSA-1268020|Reactome:R-HSA-9918481
g19161.t1	0573dc784031b51d3223a820c476353f	193	PANTHER	PTHR21237	GRPE PROTEIN	36	189	5.5E-40	T	06-07-2026	IPR000740	GrpE nucleotide exchange factor	GO:0000774(InterPro)|GO:0000774(PANTHER)|GO:0001405(PANTHER)|GO:0006457(InterPro)|GO:0030150(PANTHER)|GO:0042803(InterPro)|GO:0051082(PANTHER)|GO:0051087(InterPro)	Reactome:R-HSA-1268020|Reactome:R-HSA-9918481
g19161.t1	0573dc784031b51d3223a820c476353f	193	SUPERFAMILY	SSF58014	Coiled-coil domain of nucleotide exchange factor GrpE	38	132	4.32E-24	T	06-07-2026	IPR013805	GrpE nucleotide exchange factor, coiled-coil	-	Reactome:R-HSA-1268020|Reactome:R-HSA-9918481
g19161.t1	0573dc784031b51d3223a820c476353f	193	CDD	cd00446	GrpE	51	187	2.48278E-52	T	06-07-2026	IPR000740	GrpE nucleotide exchange factor	GO:0000774(InterPro)|GO:0006457(InterPro)|GO:0042803(InterPro)|GO:0051087(InterPro)	Reactome:R-HSA-1268020|Reactome:R-HSA-9918481
g19161.t1	0573dc784031b51d3223a820c476353f	193	Gene3D	G3DSA:2.30.22.10	Head domain of nucleotide exchange factor GrpE	132	189	4.0E-19	T	06-07-2026	IPR009012	GrpE nucleotide exchange factor, head	GO:0006457(InterPro)	Reactome:R-HSA-1268020|Reactome:R-HSA-9918481
g19161.t1	0573dc784031b51d3223a820c476353f	193	MobiDBLite	mobidb-lite	consensus disorder prediction	1	29	-	T	06-07-2026	-	-	-	-
g19161.t1	0573dc784031b51d3223a820c476353f	193	Gene3D	G3DSA:3.90.20.20	-	16	130	9.5E-24	T	06-07-2026	IPR013805	GrpE nucleotide exchange factor, coiled-coil	-	Reactome:R-HSA-1268020|Reactome:R-HSA-9918481
g19161.t1	0573dc784031b51d3223a820c476353f	193	Coils	Coil	Coil	34	54	-	T	06-07-2026	-	-	-	-
g6396.t1	9b541efe521c3e43e6be3c48fe21f8b9	508	SUPERFAMILY	SSF48452	TPR-like	39	119	7.25E-8	T	06-07-2026	IPR011990	Tetratricopeptide-like helical domain superfamily	GO:0005515(InterPro)	Reactome:R-BTA-1169091|Reactome:R-BTA-1234176|Reactome:R-BTA-1236978|Reactome:R-BTA-141430|Reactome:R-BTA-156827|Reactome:R-BTA-174048|Reactome:R-BTA-174084|Reactome:R-BTA-174154|Reactome:R-BTA-174178|Reactome:R-BTA-174184|Reactome:R-BTA-176407|Reactome:R-BTA-176408|Reactome:R-BTA-176409|Reactome:R-BTA-176412|Reactome:R-BTA-177504|Reactome:R-BTA-179409|Reactome:R-BTA-187577|Reactome:R-BTA-190873|Reactome:R-BTA-195253|Reactome:R-BTA-196025|Reactome:R-BTA-202424|Reactome:R-BTA-204005|Reactome:R-BTA-2132295|Reactome:R-BTA-2467813|Reactome:R-BTA-2559582|Reactome:R-BTA-2672351|Reactome:R-BTA-2871837|Reactome:R-BTA-3214841|Reactome:R-BTA-3371497|Reactome:R-BTA-349425|Reactome:R-BTA-350562|Reactome:R-BTA-382556|Reactome:R-BTA-429947|Reactome:R-BTA-432720|Reactome:R-BTA-432722|Reactome:R-BTA-437239|Reactome:R-BTA-450408|Reactome:R-BTA-4608870|Reactome:R-BTA-4641257|Reactome:R-BTA-4641258|Reactome:R-BTA-5099900|Reactome:R-BTA-5140745|Reactome:R-BTA-5358346|Reactome:R-BTA-5389840|Reactome:R-BTA-5419276|Reactome:R-BTA-5578775|Reactome:R-BTA-5607761|Reactome:R-BTA-5607764|Reactome:R-BTA-5610780|Reactome:R-BTA-5610785|Reactome:R-BTA-5620922|Reactome:R-BTA-5620924|Reactome:R-BTA-5632684|Reactome:R-BTA-5668541|Reactome:R-BTA-5676590|Reactome:R-BTA-5687128|Reactome:R-BTA-5689603|Reactome:R-BTA-5689880|Reactome:R-BTA-6798695|Reactome:R-BTA-6804115|Reactome:R-BTA-6804760|Reactome:R-BTA-6807878|Reactome:R-BTA-6811434|Reactome:R-BTA-6811438|Reactome:R-BTA-6811440|Reactome:R-BTA-68867|Reactome:R-BTA-68949|Reactome:R-BTA-69017|Reactome:R-BTA-69481|Reactome:R-BTA-69601|Reactome:R-BTA-72163|Reactome:R-BTA-72165|Reactome:R-BTA-72649|Reactome:R-BTA-72689|Reactome:R-BTA-72695|Reactome:R-BTA-72702|Reactome:R-BTA-75815|Reactome:R-BTA-844456|Reactome:R-BTA-8852276|Reactome:R-BTA-8854050|Reactome:R-BTA-8856825|Reactome:R-BTA-8856828|Reactome:R-BTA-8866427|Reactome:R-BTA-8866654|Reactome:R-BTA-8939211|Reactome:R-BTA-8939236|Reactome:R-BTA-8939902|Reactome:R-BTA-8941858|Reactome:R-BTA-8948751|Reactome:R-BTA-8951664|Reactome:R-BTA-8964038|Reactome:R-BTA-9013420|Reactome:R-BTA-9013424|Reactome:R-BTA-9020702|Reactome:R-BTA-9033241|Reactome:R-BTA-9603798|Reactome:R-BTA-9609523|Reactome:R-BTA-9664873|Reactome:R-BTA-9696273|Reactome:R-BTA-9755511|Reactome:R-BTA-9762114|Reactome:R-BTA-9766229|Reactome:R-BTA-983168|Reactome:R-BTA-9907900|Reactome:R-BTA-9929356|Reactome:R-BTA-9929491|Reactome:R-BTA-9931269|Reactome:R-BTA-9932298|Reactome:R-BTA-9937383|Reactome:R-BTA-9954709|Reactome:R-CEL-112382|Reactome:R-CEL-166208|Reactome:R-CEL-1799339|Reactome:R-CEL-190873|Reactome:R-CEL-196025|Reactome:R-CEL-3214841|Reactome:R-CEL-3928665|Reactome:R-CEL-432720|Reactome:R-CEL-432722|Reactome:R-CEL-437239|Reactome:R-CEL-5099900|Reactome:R-CEL-5140745|Reactome:R-CEL-5610787|Reactome:R-CEL-5620922|Reactome:R-CEL-5620924|Reactome:R-CEL-5675221|Reactome:R-CEL-5696394|Reactome:R-CEL-674695|Reactome:R-CEL-6781823|Reactome:R-CEL-6807878|Reactome:R-CEL-6811434|Reactome:R-CEL-75955|Reactome:R-CEL-8856825|Reactome:R-CEL-8856828|Reactome:R-CEL-8866427|Reactome:R-CEL-8939211|Reactome:R-CEL-8951664|Reactome:R-CEL-8964038|Reactome:R-CEL-9013420|Reactome:R-CEL-9013424|Reactome:R-CEL-9603798|Reactome:R-CEL-983168|Reactome:R-CEL-983189|Reactome:R-CFA-1799339|Reactome:R-DDI-1236978|Reactome:R-DDI-141430|Reactome:R-DDI-174048|Reactome:R-DDI-174084|Reactome:R-DDI-174154|Reactome:R-DDI-174178|Reactome:R-DDI-174184|Reactome:R-DDI-176407|Reactome:R-DDI-176408|Reactome:R-DDI-176409|Reactome:R-DDI-176412|Reactome:R-DDI-179409|Reactome:R-DDI-1799339|Reactome:R-DDI-187577|Reactome:R-DDI-204005|Reactome:R-DDI-2467813|Reactome:R-DDI-2559580|Reactome:R-DDI-2559582|Reactome:R-DDI-3371453|Reactome:R-DDI-349425|Reactome:R-DDI-382556|Reactome:R-DDI-432720|Reactome:R-DDI-437239|Reactome:R-DDI-450408|Reactome:R-DDI-4641258|Reactome:R-DDI-5632684|Reactome:R-DDI-5658442|Reactome:R-DDI-5687128|Reactome:R-DDI-5689603|Reactome:R-DDI-5689880|Reactome:R-DDI-6781823|Reactome:R-DDI-6782135|Reactome:R-DDI-6782210|Reactome:R-DDI-6791226|Reactome:R-DDI-6798695|Reactome:R-DDI-6804760|Reactome:R-DDI-6807878|Reactome:R-DDI-6811434|Reactome:R-DDI-6811438|Reactome:R-DDI-6811440|Reactome:R-DDI-68949|Reactome:R-DDI-69017|Reactome:R-DDI-69601|Reactome:R-DDI-72163|Reactome:R-DDI-75815|Reactome:R-DDI-844456|Reactome:R-DDI-8854050|Reactome:R-DDI-8856828|Reactome:R-DDI-8866427|Reactome:R-DDI-8866654|Reactome:R-DDI-8948751|Reactome:R-DDI-8951664|Reactome:R-DDI-8964038|Reactome:R-DDI-9033241|Reactome:R-DDI-9609523|Reactome:R-DDI-9664873|Reactome:R-DDI-9755511|Reactome:R-DDI-983168|Reactome:R-DDI-9833482|Reactome:R-DDI-9907900|Reactome:R-DDI-9929491|Reactome:R-DDI-9954709|Reactome:R-DME-1257604|Reactome:R-DME-156827|Reactome:R-DME-159227|Reactome:R-DME-159230|Reactome:R-DME-159231|Reactome:R-DME-159236|Reactome:R-DME-1632852|Reactome:R-DME-165159|Reactome:R-DME-166208|Reactome:R-DME-177504|Reactome:R-DME-190873|Reactome:R-DME-196025|Reactome:R-DME-204005|Reactome:R-DME-2470946|Reactome:R-DME-3108214|Reactome:R-DME-3301854|Reactome:R-DME-3371453|Reactome:R-DME-3371497|Reactome:R-DME-3371568|Reactome:R-DME-3371571|Reactome:R-DME-380972|Reactome:R-DME-381426|Reactome:R-DME-389357|Reactome:R-DME-3928665|Reactome:R-DME-4085377|Reactome:R-DME-432720|Reactome:R-DME-432722|Reactome:R-DME-437239|Reactome:R-DME-4551638|Reactome:R-DME-4615885|Reactome:R-DME-5099900|Reactome:R-DME-5140745|Reactome:R-DME-5218920|Reactome:R-DME-5389840|Reactome:R-DME-5419276|Reactome:R-DME-5620922|Reactome:R-DME-5628897|Reactome:R-DME-6781823|Reactome:R-DME-6782135|Reactome:R-DME-6782210|Reactome:R-DME-6791226|Reactome:R-DME-6807878|Reactome:R-DME-6811434|Reactome:R-DME-6811438|Reactome:R-DME-6811440|Reactome:R-DME-72163|Reactome:R-DME-72649|Reactome:R-DME-72689|Reactome:R-DME-72695|Reactome:R-DME-72702|Reactome:R-DME-73856|Reactome:R-DME-77595|Reactome:R-DME-8856825|Reactome:R-DME-8856828|Reactome:R-DME-8866427|Reactome:R-DME-8939211|Reactome:R-DME-8943724|Reactome:R-DME-8951664|Reactome:R-DME-8957275|Reactome:R-DME-8964038|Reactome:R-DME-9013420|Reactome:R-DME-9013424|Reactome:R-DME-9018519|Reactome:R-DME-9603798|Reactome:R-DME-9639288|Reactome:R-DME-9770562|Reactome:R-DME-983168|Reactome:R-DME-983189|Reactome:R-DME-9856530|Reactome:R-DME-9865881|Reactome:R-DME-9909505|Reactome:R-DME-9937383|Reactome:R-DRE-1169091|Reactome:R-DRE-1234176|Reactome:R-DRE-1236978|Reactome:R-DRE-156827|Reactome:R-DRE-174084|Reactome:R-DRE-174154|Reactome:R-DRE-174178|Reactome:R-DRE-174184|Reactome:R-DRE-187577|Reactome:R-DRE-195253|Reactome:R-DRE-2467813|Reactome:R-DRE-3214841|Reactome:R-DRE-349425|Reactome:R-DRE-350562|Reactome:R-DRE-382556|Reactome:R-DRE-450408|Reactome:R-DRE-4608870|Reactome:R-DRE-4641257|Reactome:R-DRE-4641258|Reactome:R-DRE-5358346|Reactome:R-DRE-5389840|Reactome:R-DRE-5419276|Reactome:R-DRE-5610780|Reactome:R-DRE-5610785|Reactome:R-DRE-5624138|Reactome:R-DRE-5632684|Reactome:R-DRE-5658442|Reactome:R-DRE-5668541|Reactome:R-DRE-5687128|Reactome:R-DRE-5689603|Reactome:R-DRE-5689880|Reactome:R-DRE-5696394|Reactome:R-DRE-6781823|Reactome:R-DRE-6783310|Reactome:R-DRE-6798695|Reactome:R-DRE-6804115|Reactome:R-DRE-6804760|Reactome:R-DRE-68867|Reactome:R-DRE-68949|Reactome:R-DRE-69017|Reactome:R-DRE-69481|Reactome:R-DRE-69601|Reactome:R-DRE-72163|Reactome:R-DRE-72649|Reactome:R-DRE-72689|Reactome:R-DRE-72695|Reactome:R-DRE-72702|Reactome:R-DRE-75815|Reactome:R-DRE-8852276|Reactome:R-DRE-8854050|Reactome:R-DRE-8856825|Reactome:R-DRE-8939236|Reactome:R-DRE-8939902|Reactome:R-DRE-8941858|Reactome:R-DRE-8948751|Reactome:R-DRE-8951664|Reactome:R-DRE-9013422|Reactome:R-DRE-9755511|Reactome:R-DRE-975957|Reactome:R-DRE-9762114|Reactome:R-DRE-9766229|Reactome:R-DRE-983168|Reactome:R-DRE-9865881|Reactome:R-DRE-9907900|Reactome:R-DRE-9929491|Reactome:R-DRE-9932298|Reactome:R-DRE-9937383|Reactome:R-DRE-9954709|Reactome:R-GGA-1650814|Reactome:R-GGA-429947|Reactome:R-GGA-6804115|Reactome:R-GGA-6807878|Reactome:R-GGA-6811434|Reactome:R-GGA-72649|Reactome:R-GGA-72695|Reactome:R-GGA-72702|Reactome:R-HSA-112382|Reactome:R-HSA-1169091|Reactome:R-HSA-1169408|Reactome:R-HSA-1221632|Reactome:R-HSA-1222556|Reactome:R-HSA-1234176|Reactome:R-HSA-1236973|Reactome:R-HSA-1236974|Reactome:R-HSA-1236978|Reactome:R-HSA-1257604|Reactome:R-HSA-1268020|Reactome:R-HSA-141430|Reactome:R-HSA-141444|Reactome:R-HSA-156827|Reactome:R-HSA-159227|Reactome:R-HSA-159230|Reactome:R-HSA-159231|Reactome:R-HSA-159236|Reactome:R-HSA-163282|Reactome:R-HSA-1632852|Reactome:R-HSA-165054|Reactome:R-HSA-1650814|Reactome:R-HSA-165159|Reactome:R-HSA-166208|Reactome:R-HSA-168271|Reactome:R-HSA-168275|Reactome:R-HSA-168276|Reactome:R-HSA-168325|Reactome:R-HSA-168333|Reactome:R-HSA-168928|Reactome:R-HSA-170822|Reactome:R-HSA-174048|Reactome:R-HSA-174084|Reactome:R-HSA-174113|Reactome:R-HSA-174154|Reactome:R-HSA-174178|Reactome:R-HSA-174184|Reactome:R-HSA-176187|Reactome:R-HSA-176407|Reactome:R-HSA-176408|Reactome:R-HSA-176409|Reactome:R-HSA-176412|Reactome:R-HSA-177504|Reactome:R-HSA-179409|Reactome:R-HSA-1799339|Reactome:R-HSA-180534|Reactome:R-HSA-180585|Reactome:R-HSA-180746|Reactome:R-HSA-180910|Reactome:R-HSA-187577|Reactome:R-HSA-190873|Reactome:R-HSA-1912420|Reactome:R-HSA-191859|Reactome:R-HSA-192823|Reactome:R-HSA-195253|Reactome:R-HSA-196025|Reactome:R-HSA-202424|Reactome:R-HSA-204005|Reactome:R-HSA-211733|Reactome:R-HSA-2132295|Reactome:R-HSA-2151201|Reactome:R-HSA-2173788|Reactome:R-HSA-2467813|Reactome:R-HSA-2470946|Reactome:R-HSA-2500257|Reactome:R-HSA-2559582|Reactome:R-HSA-2559584|Reactome:R-HSA-2672351|Reactome:R-HSA-2871837|Reactome:R-HSA-3108214|Reactome:R-HSA-3214841|Reactome:R-HSA-3214842|Reactome:R-HSA-3214847|Reactome:R-HSA-3232142|Reactome:R-HSA-3299685|Reactome:R-HSA-3301854|Reactome:R-HSA-3371453|Reactome:R-HSA-3371497|Reactome:R-HSA-3371568|Reactome:R-HSA-3371571|Reactome:R-HSA-349425|Reactome:R-HSA-350562|Reactome:R-HSA-380972|Reactome:R-HSA-381038|Reactome:R-HSA-381426|Reactome:R-HSA-382556|Reactome:R-HSA-389357|Reactome:R-HSA-3928665|Reactome:R-HSA-4085377|Reactome:R-HSA-418594|Reactome:R-HSA-429947|Reactome:R-HSA-429958|Reactome:R-HSA-432720|Reactome:R-HSA-432722|Reactome:R-HSA-437239|Reactome:R-HSA-4420097|Reactome:R-HSA-450408|Reactome:R-HSA-4551638|Reactome:R-HSA-4570464|Reactome:R-HSA-4608870|Reactome:R-HSA-4615885|Reactome:R-HSA-4641257|Reactome:R-HSA-4641258|Reactome:R-HSA-5099900|Reactome:R-HSA-5140745|Reactome:R-HSA-5205685|Reactome:R-HSA-5213460|Reactome:R-HSA-5218920|Reactome:R-HSA-5357905|Reactome:R-HSA-5358346|Reactome:R-HSA-5362768|Reactome:R-HSA-5368286|Reactome:R-HSA-5389840|Reactome:R-HSA-5419276|Reactome:R-HSA-5578775|Reactome:R-HSA-5601884|Reactome:R-HSA-5607761|Reactome:R-HSA-5607764|Reactome:R-HSA-5610780|Reactome:R-HSA-5610783|Reactome:R-HSA-5610785|Reactome:R-HSA-5610787|Reactome:R-HSA-5617472|Reactome:R-HSA-5619107|Reactome:R-HSA-5620922|Reactome:R-HSA-5620924|Reactome:R-HSA-5624138|Reactome:R-HSA-5625970|Reactome:R-HSA-5628897|Reactome:R-HSA-5632684|Reactome:R-HSA-5658442|Reactome:R-HSA-5663220|Reactome:R-HSA-5668541|Reactome:R-HSA-5668599|Reactome:R-HSA-5674400|Reactome:R-HSA-5675221|Reactome:R-HSA-5675482|Reactome:R-HSA-5676590|Reactome:R-HSA-5678895|Reactome:R-HSA-5685938|Reactome:R-HSA-5687128|Reactome:R-HSA-5689603|Reactome:R-HSA-5689880|Reactome:R-HSA-5693565|Reactome:R-HSA-5693607|Reactome:R-HSA-5693616|Reactome:R-HSA-5696394|Reactome:R-HSA-674695|Reactome:R-HSA-6781823|Reactome:R-HSA-6781827|Reactome:R-HSA-6782135|Reactome:R-HSA-6782210|Reactome:R-HSA-6783310|Reactome:R-HSA-6784531|Reactome:R-HSA-6785470|Reactome:R-HSA-6787450|Reactome:R-HSA-6790901|Reactome:R-HSA-6791226|Reactome:R-HSA-6796648|Reactome:R-HSA-6798695|Reactome:R-HSA-6804115|Reactome:R-HSA-6804756|Reactome:R-HSA-6804757|Reactome:R-HSA-6804760|Reactome:R-HSA-6807505|Reactome:R-HSA-6807878|Reactome:R-HSA-6811434|Reactome:R-HSA-6811438|Reactome:R-HSA-6811440|Reactome:R-HSA-68867|Reactome:R-HSA-68877|Reactome:R-HSA-68949|Reactome:R-HSA-69017|Reactome:R-HSA-69473|Reactome:R-HSA-69481|Reactome:R-HSA-69601|Reactome:R-HSA-72163|Reactome:R-HSA-72165|Reactome:R-HSA-72187|Reactome:R-HSA-72649|Reactome:R-HSA-72689|Reactome:R-HSA-72695|Reactome:R-HSA-72702|Reactome:R-HSA-72706|Reactome:R-HSA-73856|Reactome:R-HSA-749476|Reactome:R-HSA-75815|Reactome:R-HSA-75955|Reactome:R-HSA-76061|Reactome:R-HSA-76066|Reactome:R-HSA-77595|Reactome:R-HSA-844456|Reactome:R-HSA-8852276|Reactome:R-HSA-8853884|Reactome:R-HSA-8854050|Reactome:R-HSA-8856825|Reactome:R-HSA-8856828|Reactome:R-HSA-8863795|Reactome:R-HSA-8866427|Reactome:R-HSA-8866654|Reactome:R-HSA-8868766|Reactome:R-HSA-8876198|Reactome:R-HSA-8937144|Reactome:R-HSA-8939211|Reactome:R-HSA-8939236|Reactome:R-HSA-8939902|Reactome:R-HSA-8941858|Reactome:R-HSA-8943724|Reactome:R-HSA-8948751|Reactome:R-HSA-8950505|Reactome:R-HSA-8951664|Reactome:R-HSA-8957275|Reactome:R-HSA-8964038|Reactome:R-HSA-901032|Reactome:R-HSA-9010553|Reactome:R-HSA-9013149|Reactome:R-HSA-9013404|Reactome:R-HSA-9013420|Reactome:R-HSA-9013422|Reactome:R-HSA-9013423|Reactome:R-HSA-9013424|Reactome:R-HSA-9018519|Reactome:R-HSA-9020702|Reactome:R-HSA-9022699|Reactome:R-HSA-9033241|Reactome:R-HSA-909733|Reactome:R-HSA-9603798|Reactome:R-HSA-9604323|Reactome:R-HSA-9609523|Reactome:R-HSA-9609690|Reactome:R-HSA-9610379|Reactome:R-HSA-9613829|Reactome:R-HSA-9615710|Reactome:R-HSA-9629569|Reactome:R-HSA-9639288|Reactome:R-HSA-9646399|Reactome:R-HSA-9648025|Reactome:R-HSA-9660826|Reactome:R-HSA-9664873|Reactome:R-HSA-9673324|Reactome:R-HSA-9679191|Reactome:R-HSA-9687136|Reactome:R-HSA-9692916|Reactome:R-HSA-9696273|Reactome:R-HSA-9700645|Reactome:R-HSA-9705671|Reactome:R-HSA-9709570|Reactome:R-HSA-9725370|Reactome:R-HSA-9733709|Reactome:R-HSA-9754560|Reactome:R-HSA-9755511|Reactome:R-HSA-975957|Reactome:R-HSA-9760173|Reactome:R-HSA-9762114|Reactome:R-HSA-9766229|Reactome:R-HSA-9770562|Reactome:R-HSA-9772755|Reactome:R-HSA-9818564|Reactome:R-HSA-9820841|Reactome:R-HSA-9821002|Reactome:R-HSA-9824272|Reactome:R-HSA-983168|Reactome:R-HSA-983189|Reactome:R-HSA-9833482|Reactome:R-HSA-9836573|Reactome:R-HSA-9840373|Reactome:R-HSA-9841922|Reactome:R-HSA-9856530|Reactome:R-HSA-9865881|Reactome:R-HSA-9907900|Reactome:R-HSA-9909505|Reactome:R-HSA-9913635|Reactome:R-HSA-9918432|Reactome:R-HSA-9918481|Reactome:R-HSA-9920588|Reactome:R-HSA-9920951|Reactome:R-HSA-9929356|Reactome:R-HSA-9929491|Reactome:R-HSA-9930044|Reactome:R-HSA-9931269|Reactome:R-HSA-9931953|Reactome:R-HSA-9932298|Reactome:R-HSA-9937008|Reactome:R-HSA-9937383|Reactome:R-HSA-9954709|Reactome:R-MMU-112382|Reactome:R-MMU-1169091|Reactome:R-MMU-1222556|Reactome:R-MMU-1234176|Reactome:R-MMU-1236973|Reactome:R-MMU-1236978|Reactome:R-MMU-1257604|Reactome:R-MMU-141430|Reactome:R-MMU-141444|Reactome:R-MMU-156827|Reactome:R-MMU-159227|Reactome:R-MMU-159230|Reactome:R-MMU-159231|Reactome:R-MMU-159236|Reactome:R-MMU-163282|Reactome:R-MMU-1632852|Reactome:R-MMU-1650814|Reactome:R-MMU-165159|Reactome:R-MMU-166208|Reactome:R-MMU-168928|Reactome:R-MMU-170822|Reactome:R-MMU-174048|Reactome:R-MMU-174084|Reactome:R-MMU-174154|Reactome:R-MMU-174178|Reactome:R-MMU-174184|Reactome:R-MMU-176187|Reactome:R-MMU-176407|Reactome:R-MMU-176408|Reactome:R-MMU-176409|Reactome:R-MMU-176412|Reactome:R-MMU-177504|Reactome:R-MMU-179409|Reactome:R-MMU-187577|Reactome:R-MMU-190873|Reactome:R-MMU-191859|Reactome:R-MMU-195253|Reactome:R-MMU-196025|Reactome:R-MMU-202424|Reactome:R-MMU-204005|Reactome:R-MMU-2132295|Reactome:R-MMU-2173788|Reactome:R-MMU-2467813|Reactome:R-MMU-2470946|Reactome:R-MMU-2500257|Reactome:R-MMU-2559582|Reactome:R-MMU-2672351|Reactome:R-MMU-2871837|Reactome:R-MMU-3108214|Reactome:R-MMU-3214841|Reactome:R-MMU-3214842|Reactome:R-MMU-3214847|Reactome:R-MMU-3232142|Reactome:R-MMU-3299685|Reactome:R-MMU-3301854|Reactome:R-MMU-3371453|Reactome:R-MMU-3371497|Reactome:R-MMU-3371568|Reactome:R-MMU-3371571|Reactome:R-MMU-349425|Reactome:R-MMU-350562|Reactome:R-MMU-380972|Reactome:R-MMU-381426|Reactome:R-MMU-382556|Reactome:R-MMU-389357|Reactome:R-MMU-4085377|Reactome:R-MMU-418594|Reactome:R-MMU-429947|Reactome:R-MMU-429958|Reactome:R-MMU-432720|Reactome:R-MMU-432722|Reactome:R-MMU-437239|Reactome:R-MMU-4420097|Reactome:R-MMU-450408|Reactome:R-MMU-4551638|Reactome:R-MMU-4570464|Reactome:R-MMU-4608870|Reactome:R-MMU-4615885|Reactome:R-MMU-4641257|Reactome:R-MMU-4641258|Reactome:R-MMU-5099900|Reactome:R-MMU-5140745|Reactome:R-MMU-5205685|Reactome:R-MMU-5218920|Reactome:R-MMU-5357905|Reactome:R-MMU-5358346|Reactome:R-MMU-5389840|Reactome:R-MMU-5419276|Reactome:R-MMU-5578775|Reactome:R-MMU-5607761|Reactome:R-MMU-5607764|Reactome:R-MMU-5610780|Reactome:R-MMU-5610785|Reactome:R-MMU-5610787|Reactome:R-MMU-5620922|Reactome:R-MMU-5620924|Reactome:R-MMU-5624138|Reactome:R-MMU-5625970|Reactome:R-MMU-5628897|Reactome:R-MMU-5632684|Reactome:R-MMU-5658442|Reactome:R-MMU-5663220|Reactome:R-MMU-5668541|Reactome:R-MMU-5668599|Reactome:R-MMU-5675221|Reactome:R-MMU-5675482|Reactome:R-MMU-5676590|Reactome:R-MMU-5685938|Reactome:R-MMU-5687128|Reactome:R-MMU-5689603|Reactome:R-MMU-5689880|Reactome:R-MMU-5693565|Reactome:R-MMU-5693607|Reactome:R-MMU-5696394|Reactome:R-MMU-674695|Reactome:R-MMU-6781823|Reactome:R-MMU-6782135|Reactome:R-MMU-6782210|Reactome:R-MMU-6783310|Reactome:R-MMU-6791226|Reactome:R-MMU-6798695|Reactome:R-MMU-6804115|Reactome:R-MMU-6804756|Reactome:R-MMU-6804757|Reactome:R-MMU-6804760|Reactome:R-MMU-6807878|Reactome:R-MMU-6811434|Reactome:R-MMU-6811438|Reactome:R-MMU-6811440|Reactome:R-MMU-68867|Reactome:R-MMU-68877|Reactome:R-MMU-68949|Reactome:R-MMU-69017|Reactome:R-MMU-69473|Reactome:R-MMU-69481|Reactome:R-MMU-69601|Reactome:R-MMU-72163|Reactome:R-MMU-72165|Reactome:R-MMU-72187|Reactome:R-MMU-72649|Reactome:R-MMU-72689|Reactome:R-MMU-72695|Reactome:R-MMU-72702|Reactome:R-MMU-72706|Reactome:R-MMU-73856|Reactome:R-MMU-75815|Reactome:R-MMU-75955|Reactome:R-MMU-77595|Reactome:R-MMU-844456|Reactome:R-MMU-8852276|Reactome:R-MMU-8854050|Reactome:R-MMU-8856825|Reactome:R-MMU-8856828|Reactome:R-MMU-8863795|Reactome:R-MMU-8866427|Reactome:R-MMU-8866654|Reactome:R-MMU-8876198|Reactome:R-MMU-8939211|Reactome:R-MMU-8939236|Reactome:R-MMU-8939902|Reactome:R-MMU-8941858|Reactome:R-MMU-8943724|Reactome:R-MMU-8948751|Reactome:R-MMU-8951664|Reactome:R-MMU-8957275|Reactome:R-MMU-8964038|Reactome:R-MMU-9013149|Reactome:R-MMU-9013404|Reactome:R-MMU-9013420|Reactome:R-MMU-9013422|Reactome:R-MMU-9013423|Reactome:R-MMU-9013424|Reactome:R-MMU-9018519|Reactome:R-MMU-9020702|Reactome:R-MMU-9033241|Reactome:R-MMU-9603798|Reactome:R-MMU-9609523|Reactome:R-MMU-9639288|Reactome:R-MMU-9646399|Reactome:R-MMU-9648025|Reactome:R-MMU-9664873|Reactome:R-MMU-9696273|Reactome:R-MMU-9755511|Reactome:R-MMU-975957|Reactome:R-MMU-9762114|Reactome:R-MMU-9766229|Reactome:R-MMU-9770562|Reactome:R-MMU-9772755|Reactome:R-MMU-9818564|Reactome:R-MMU-983168|Reactome:R-MMU-983189|Reactome:R-MMU-9833482|Reactome:R-MMU-9840373|Reactome:R-MMU-9856530|Reactome:R-MMU-9865881|Reactome:R-MMU-9907900|Reactome:R-MMU-9909505|Reactome:R-MMU-9913635|Reactome:R-MMU-9929356|Reactome:R-MMU-9929491|Reactome:R-MMU-9931269|Reactome:R-MMU-9932298|Reactome:R-MMU-9937383|Reactome:R-MMU-9954709|Reactome:R-PFA-3371497|Reactome:R-RNO-1169091|Reactome:R-RNO-1222556|Reactome:R-RNO-1234176|Reactome:R-RNO-1236973|Reactome:R-RNO-1236978|Reactome:R-RNO-1257604|Reactome:R-RNO-141430|Reactome:R-RNO-1632852|Reactome:R-RNO-1650814|Reactome:R-RNO-165159|Reactome:R-RNO-166208|Reactome:R-RNO-168928|Reactome:R-RNO-174048|Reactome:R-RNO-174084|Reactome:R-RNO-174113|Reactome:R-RNO-174154|Reactome:R-RNO-174178|Reactome:R-RNO-174184|Reactome:R-RNO-176407|Reactome:R-RNO-176408|Reactome:R-RNO-176412|Reactome:R-RNO-177504|Reactome:R-RNO-179409|Reactome:R-RNO-187577|Reactome:R-RNO-190873|Reactome:R-RNO-195253|Reactome:R-RNO-196025|Reactome:R-RNO-202424|Reactome:R-RNO-204005|Reactome:R-RNO-2132295|Reactome:R-RNO-2173788|Reactome:R-RNO-2467813|Reactome:R-RNO-2559582|Reactome:R-RNO-2559584|Reactome:R-RNO-2871837|Reactome:R-RNO-3214841|Reactome:R-RNO-3214847|Reactome:R-RNO-3299685|Reactome:R-RNO-3371453|Reactome:R-RNO-3371497|Reactome:R-RNO-3371568|Reactome:R-RNO-3371571|Reactome:R-RNO-349425|Reactome:R-RNO-350562|Reactome:R-RNO-380972|Reactome:R-RNO-381426|Reactome:R-RNO-382556|Reactome:R-RNO-389357|Reactome:R-RNO-418594|Reactome:R-RNO-432720|Reactome:R-RNO-432722|Reactome:R-RNO-437239|Reactome:R-RNO-4420097|Reactome:R-RNO-450408|Reactome:R-RNO-4608870|Reactome:R-RNO-4641257|Reactome:R-RNO-4641258|Reactome:R-RNO-5099900|Reactome:R-RNO-5140745|Reactome:R-RNO-5205685|Reactome:R-RNO-5218920|Reactome:R-RNO-5357905|Reactome:R-RNO-5358346|Reactome:R-RNO-5607761|Reactome:R-RNO-5607764|Reactome:R-RNO-5610780|Reactome:R-RNO-5610785|Reactome:R-RNO-5610787|Reactome:R-RNO-5620924|Reactome:R-RNO-5625970|Reactome:R-RNO-5628897|Reactome:R-RNO-5632684|Reactome:R-RNO-5658442|Reactome:R-RNO-5668541|Reactome:R-RNO-5668599|Reactome:R-RNO-5675221|Reactome:R-RNO-5675482|Reactome:R-RNO-5676590|Reactome:R-RNO-5687128|Reactome:R-RNO-5689603|Reactome:R-RNO-5689880|Reactome:R-RNO-5693565|Reactome:R-RNO-5696394|Reactome:R-RNO-6781823|Reactome:R-RNO-6782135|Reactome:R-RNO-6782210|Reactome:R-RNO-6798695|Reactome:R-RNO-6804115|Reactome:R-RNO-6804757|Reactome:R-RNO-6804760|Reactome:R-RNO-6807878|Reactome:R-RNO-6811434|Reactome:R-RNO-6811438|Reactome:R-RNO-6811440|Reactome:R-RNO-68867|Reactome:R-RNO-68949|Reactome:R-RNO-69017|Reactome:R-RNO-69481|Reactome:R-RNO-69601|Reactome:R-RNO-72163|Reactome:R-RNO-72165|Reactome:R-RNO-75815|Reactome:R-RNO-844456|Reactome:R-RNO-8852276|Reactome:R-RNO-8854050|Reactome:R-RNO-8856825|Reactome:R-RNO-8856828|Reactome:R-RNO-8863795|Reactome:R-RNO-8866427|Reactome:R-RNO-8866654|Reactome:R-RNO-8939211|Reactome:R-RNO-8939236|Reactome:R-RNO-8941858|Reactome:R-RNO-8943724|Reactome:R-RNO-8948751|Reactome:R-RNO-8951664|Reactome:R-RNO-8957275|Reactome:R-RNO-8964038|Reactome:R-RNO-9013149|Reactome:R-RNO-9013404|Reactome:R-RNO-9013420|Reactome:R-RNO-9013422|Reactome:R-RNO-9013423|Reactome:R-RNO-9013424|Reactome:R-RNO-9018519|Reactome:R-RNO-9020702|Reactome:R-RNO-9033241|Reactome:R-RNO-9603798|Reactome:R-RNO-9609523|Reactome:R-RNO-9639288|Reactome:R-RNO-9664873|Reactome:R-RNO-9696273|Reactome:R-RNO-9755511|Reactome:R-RNO-9762114|Reactome:R-RNO-9766229|Reactome:R-RNO-9772755|Reactome:R-RNO-983168|Reactome:R-RNO-983189|Reactome:R-RNO-9833482|Reactome:R-RNO-9840373|Reactome:R-RNO-9856530|Reactome:R-RNO-9865881|Reactome:R-RNO-9907900|Reactome:R-RNO-9909505|Reactome:R-RNO-9929356|Reactome:R-RNO-9929491|Reactome:R-RNO-9931269|Reactome:R-RNO-9932298|Reactome:R-RNO-9954709|Reactome:R-SCE-1236978|Reactome:R-SCE-1257604|Reactome:R-SCE-1799339|Reactome:R-SCE-190873|Reactome:R-SCE-196025|Reactome:R-SCE-204005|Reactome:R-SCE-2559580|Reactome:R-SCE-2559586|Reactome:R-SCE-3371497|Reactome:R-SCE-3371571|Reactome:R-SCE-389357|Reactome:R-SCE-429958|Reactome:R-SCE-432720|Reactome:R-SCE-437239|Reactome:R-SCE-5218920|Reactome:R-SCE-5668541|Reactome:R-SCE-5689880|Reactome:R-SCE-5693548|Reactome:R-SCE-5693565|Reactome:R-SCE-6782135|Reactome:R-SCE-6782210|Reactome:R-SCE-6791226|Reactome:R-SCE-6798695|Reactome:R-SCE-6804757|Reactome:R-SCE-6807878|Reactome:R-SCE-6811434|Reactome:R-SCE-6811438|Reactome:R-SCE-6811440|Reactome:R-SCE-76061|Reactome:R-SCE-76066|Reactome:R-SCE-844456|Reactome:R-SCE-8856828|Reactome:R-SCE-8866427|Reactome:R-SCE-8939211|Reactome:R-SCE-8964038|Reactome:R-SCE-9013420|Reactome:R-SCE-9013424|Reactome:R-SCE-9033241|Reactome:R-SCE-9603798|Reactome:R-SCE-9609523|Reactome:R-SCE-9639288|Reactome:R-SCE-9664873|Reactome:R-SCE-9696273|Reactome:R-SCE-975957|Reactome:R-SCE-983168|Reactome:R-SCE-9856530|Reactome:R-SCE-9907900|Reactome:R-SPO-1257604|Reactome:R-SPO-176408|Reactome:R-SPO-179409|Reactome:R-SPO-1799339|Reactome:R-SPO-190873|Reactome:R-SPO-196025|Reactome:R-SPO-204005|Reactome:R-SPO-2559580|Reactome:R-SPO-2559582|Reactome:R-SPO-2559586|Reactome:R-SPO-3371497|Reactome:R-SPO-3371571|Reactome:R-SPO-389357|Reactome:R-SPO-429958|Reactome:R-SPO-432720|Reactome:R-SPO-437239|Reactome:R-SPO-5218920|Reactome:R-SPO-5693548|Reactome:R-SPO-5693565|Reactome:R-SPO-6782135|Reactome:R-SPO-6782210|Reactome:R-SPO-6791226|Reactome:R-SPO-6798695|Reactome:R-SPO-6803207|Reactome:R-SPO-6804756|Reactome:R-SPO-6804757|Reactome:R-SPO-6807878|Reactome:R-SPO-6811434|Reactome:R-SPO-6811438|Reactome:R-SPO-6811440|Reactome:R-SPO-72163|Reactome:R-SPO-72203|Reactome:R-SPO-76061|Reactome:R-SPO-76066|Reactome:R-SPO-8856828|Reactome:R-SPO-8866427|Reactome:R-SPO-8964038|Reactome:R-SPO-9013420|Reactome:R-SPO-9013424|Reactome:R-SPO-9033241|Reactome:R-SPO-9603798|Reactome:R-SPO-9609523|Reactome:R-SPO-9639288|Reactome:R-SPO-9664873|Reactome:R-SPO-9696273|Reactome:R-SPO-975957|Reactome:R-SPO-9770562|Reactome:R-SPO-983168|Reactome:R-SPO-9856530|Reactome:R-XTR-112382|Reactome:R-XTR-1169091|Reactome:R-XTR-1234176|Reactome:R-XTR-1236978|Reactome:R-XTR-156827|Reactome:R-XTR-166058|Reactome:R-XTR-174084|Reactome:R-XTR-174154|Reactome:R-XTR-174178|Reactome:R-XTR-174184|Reactome:R-XTR-195253|Reactome:R-XTR-2467813|Reactome:R-XTR-349425|Reactome:R-XTR-350562|Reactome:R-XTR-382556|Reactome:R-XTR-450408|Reactome:R-XTR-4608870|Reactome:R-XTR-4641257|Reactome:R-XTR-5358346|Reactome:R-XTR-5607761|Reactome:R-XTR-5610780|Reactome:R-XTR-5610785|Reactome:R-XTR-5610787|Reactome:R-XTR-5620924|Reactome:R-XTR-5632684|Reactome:R-XTR-5668541|Reactome:R-XTR-5676590|Reactome:R-XTR-5687128|Reactome:R-XTR-5689603|Reactome:R-XTR-5689880|Reactome:R-XTR-674695|Reactome:R-XTR-6798695|Reactome:R-XTR-6799198|Reactome:R-XTR-68867|Reactome:R-XTR-68949|Reactome:R-XTR-69017|Reactome:R-XTR-69481|Reactome:R-XTR-69601|Reactome:R-XTR-72695|Reactome:R-XTR-72702|Reactome:R-XTR-75815|Reactome:R-XTR-75955|Reactome:R-XTR-8852276|Reactome:R-XTR-8866654|Reactome:R-XTR-8939236|Reactome:R-XTR-8939902|Reactome:R-XTR-8941858|Reactome:R-XTR-8948751|Reactome:R-XTR-8951664|Reactome:R-XTR-975138|Reactome:R-XTR-9755511|Reactome:R-XTR-975871|Reactome:R-XTR-9762114|Reactome:R-XTR-9766229|Reactome:R-XTR-983168|Reactome:R-XTR-9907900|Reactome:R-XTR-9929491|Reactome:R-XTR-9932298|Reactome:R-XTR-9954709
g6396.t1	9b541efe521c3e43e6be3c48fe21f8b9	508	PANTHER	PTHR47111	BCDNA.LD29892	26	492	1.2E-61	T	06-07-2026	-	-	-	-
g6396.t1	9b541efe521c3e43e6be3c48fe21f8b9	508	Pfam	PF01753	MYND finger	192	228	0.023	T	06-07-2026	IPR002893	Zinc finger, MYND-type	-	Reactome:R-BTA-3214841|Reactome:R-BTA-6804760|Reactome:R-CEL-1234176|Reactome:R-CEL-3214841|Reactome:R-DRE-3214841|Reactome:R-DRE-6804760|Reactome:R-HSA-1234176|Reactome:R-HSA-3214841|Reactome:R-HSA-5601884|Reactome:R-HSA-5689880|Reactome:R-HSA-6804760|Reactome:R-HSA-9733709|Reactome:R-HSA-9827857|Reactome:R-MMU-1234176|Reactome:R-MMU-3214841|Reactome:R-MMU-5689880|Reactome:R-MMU-6804760|Reactome:R-RNO-3214841|Reactome:R-RNO-5689880|Reactome:R-RNO-6804760|Reactome:R-SPO-3214841
g6396.t1	9b541efe521c3e43e6be3c48fe21f8b9	508	Gene3D	G3DSA:2.170.270.10	SET domain	161	436	1.7E-25	T	06-07-2026	IPR046341	SET domain superfamily	-	Reactome:R-BTA-212300|Reactome:R-BTA-2299718|Reactome:R-BTA-3214841|Reactome:R-BTA-6804760|Reactome:R-BTA-9764725|Reactome:R-CEL-3214841|Reactome:R-CEL-8936459|Reactome:R-CEL-8943724|Reactome:R-CEL-8953750|Reactome:R-CEL-9764725|Reactome:R-CEL-9772755|Reactome:R-DDI-9772755|Reactome:R-DME-201722|Reactome:R-DME-212300|Reactome:R-DME-2559580|Reactome:R-DME-3214841|Reactome:R-DME-427359|Reactome:R-DME-6804760|Reactome:R-DME-8936459|Reactome:R-DME-8939236|Reactome:R-DME-8943724|Reactome:R-DME-8953750|Reactome:R-DME-9764725|Reactome:R-DME-9772755|Reactome:R-DME-9843940|Reactome:R-DME-9909649|Reactome:R-DRE-212300|Reactome:R-DRE-2299718|Reactome:R-DRE-2559580|Reactome:R-DRE-3214841|Reactome:R-DRE-6804760|Reactome:R-DRE-8953750|Reactome:R-DRE-9764725|Reactome:R-DRE-9843940|Reactome:R-DRE-9843970|Reactome:R-DRE-9909649|Reactome:R-HSA-193670|Reactome:R-HSA-201722|Reactome:R-HSA-212300|Reactome:R-HSA-212436|Reactome:R-HSA-2299718|Reactome:R-HSA-2559580|Reactome:R-HSA-2559582|Reactome:R-HSA-3214841|Reactome:R-HSA-3769402|Reactome:R-HSA-427359|Reactome:R-HSA-427389|Reactome:R-HSA-452723|Reactome:R-HSA-5617472|Reactome:R-HSA-5693565|Reactome:R-HSA-5693571|Reactome:R-HSA-5693607|Reactome:R-HSA-6804754|Reactome:R-HSA-6804760|Reactome:R-HSA-69473|Reactome:R-HSA-73762|Reactome:R-HSA-8853884|Reactome:R-HSA-8936459|Reactome:R-HSA-8939236|Reactome:R-HSA-8943724|Reactome:R-HSA-8953750|Reactome:R-HSA-912446|Reactome:R-HSA-9609690|Reactome:R-HSA-9616222|Reactome:R-HSA-9701898|Reactome:R-HSA-9710421|Reactome:R-HSA-9733709|Reactome:R-HSA-9762293|Reactome:R-HSA-9764725|Reactome:R-HSA-9772755|Reactome:R-HSA-9818564|Reactome:R-HSA-9827857|Reactome:R-HSA-9830364|Reactome:R-HSA-9841922|Reactome:R-HSA-9843940|Reactome:R-HSA-9843970|Reactome:R-HSA-9844594|Reactome:R-HSA-9909649|Reactome:R-HSA-9931510|Reactome:R-HSA-9931512|Reactome:R-HSA-9931521|Reactome:R-HSA-9944997|Reactome:R-MMU-201722|Reactome:R-MMU-212300|Reactome:R-MMU-212436|Reactome:R-MMU-2559580|Reactome:R-MMU-2559582|Reactome:R-MMU-3214841|Reactome:R-MMU-5693565|Reactome:R-MMU-5693571|Reactome:R-MMU-5693607|Reactome:R-MMU-6804760|Reactome:R-MMU-69473|Reactome:R-MMU-73762|Reactome:R-MMU-8936459|Reactome:R-MMU-8939236|Reactome:R-MMU-8943724|Reactome:R-MMU-8953750|Reactome:R-MMU-9764725|Reactome:R-MMU-9772755|Reactome:R-MMU-9818564|Reactome:R-MMU-9843940|Reactome:R-MMU-9909649|Reactome:R-RNO-212436|Reactome:R-RNO-3214841|Reactome:R-RNO-6804760|Reactome:R-SCE-9772755|Reactome:R-SPO-3214841|Reactome:R-SPO-9772755|Reactome:R-XTR-212300|Reactome:R-XTR-2299718|Reactome:R-XTR-2559580|Reactome:R-XTR-3214841|Reactome:R-XTR-6804760|Reactome:R-XTR-8953750|Reactome:R-XTR-9764725|Reactome:R-XTR-9909649
g6396.t1	9b541efe521c3e43e6be3c48fe21f8b9	508	ProSiteProfiles	PS50280	SET domain profile.	144	406	10.501832	T	06-07-2026	IPR001214	SET domain	GO:0005515(InterPro)	Reactome:R-BTA-212300|Reactome:R-BTA-2299718|Reactome:R-BTA-3214841|Reactome:R-BTA-6804760|Reactome:R-BTA-9764725|Reactome:R-CEL-3214841|Reactome:R-CEL-8936459|Reactome:R-CEL-8943724|Reactome:R-CEL-8953750|Reactome:R-CEL-9764725|Reactome:R-CEL-9772755|Reactome:R-DDI-9772755|Reactome:R-DME-201722|Reactome:R-DME-212300|Reactome:R-DME-2559580|Reactome:R-DME-3214841|Reactome:R-DME-427359|Reactome:R-DME-6804760|Reactome:R-DME-8936459|Reactome:R-DME-8939236|Reactome:R-DME-8943724|Reactome:R-DME-8953750|Reactome:R-DME-9764725|Reactome:R-DME-9772755|Reactome:R-DME-9843940|Reactome:R-DME-9909649|Reactome:R-DRE-212300|Reactome:R-DRE-2299718|Reactome:R-DRE-2559580|Reactome:R-DRE-3214841|Reactome:R-DRE-6804760|Reactome:R-DRE-8953750|Reactome:R-DRE-9764725|Reactome:R-DRE-9843940|Reactome:R-DRE-9843970|Reactome:R-DRE-9909649|Reactome:R-HSA-193670|Reactome:R-HSA-201722|Reactome:R-HSA-212300|Reactome:R-HSA-212436|Reactome:R-HSA-2299718|Reactome:R-HSA-2559580|Reactome:R-HSA-2559582|Reactome:R-HSA-3214841|Reactome:R-HSA-3769402|Reactome:R-HSA-427359|Reactome:R-HSA-427389|Reactome:R-HSA-452723|Reactome:R-HSA-5617472|Reactome:R-HSA-5693565|Reactome:R-HSA-5693571|Reactome:R-HSA-5693607|Reactome:R-HSA-6804754|Reactome:R-HSA-6804760|Reactome:R-HSA-69473|Reactome:R-HSA-73762|Reactome:R-HSA-8853884|Reactome:R-HSA-8936459|Reactome:R-HSA-8939236|Reactome:R-HSA-8943724|Reactome:R-HSA-8953750|Reactome:R-HSA-912446|Reactome:R-HSA-9609690|Reactome:R-HSA-9616222|Reactome:R-HSA-9701898|Reactome:R-HSA-9710421|Reactome:R-HSA-9733709|Reactome:R-HSA-9762293|Reactome:R-HSA-9764725|Reactome:R-HSA-9772755|Reactome:R-HSA-9818564|Reactome:R-HSA-9827857|Reactome:R-HSA-9830364|Reactome:R-HSA-9841922|Reactome:R-HSA-9843940|Reactome:R-HSA-9843970|Reactome:R-HSA-9844594|Reactome:R-HSA-9909649|Reactome:R-HSA-9931510|Reactome:R-HSA-9931512|Reactome:R-HSA-9931521|Reactome:R-HSA-9944997|Reactome:R-MMU-201722|Reactome:R-MMU-212300|Reactome:R-MMU-212436|Reactome:R-MMU-2559580|Reactome:R-MMU-2559582|Reactome:R-MMU-3214841|Reactome:R-MMU-5693565|Reactome:R-MMU-5693571|Reactome:R-MMU-5693607|Reactome:R-MMU-6804760|Reactome:R-MMU-69473|Reactome:R-MMU-73762|Reactome:R-MMU-8936459|Reactome:R-MMU-8939236|Reactome:R-MMU-8943724|Reactome:R-MMU-8953750|Reactome:R-MMU-9764725|Reactome:R-MMU-9772755|Reactome:R-MMU-9818564|Reactome:R-MMU-9843940|Reactome:R-MMU-9909649|Reactome:R-RNO-212436|Reactome:R-RNO-3214841|Reactome:R-RNO-6804760|Reactome:R-SCE-9772755|Reactome:R-SPO-3214841|Reactome:R-SPO-9772755|Reactome:R-XTR-212300|Reactome:R-XTR-2299718|Reactome:R-XTR-2559580|Reactome:R-XTR-3214841|Reactome:R-XTR-6804760|Reactome:R-XTR-8953750|Reactome:R-XTR-9764725|Reactome:R-XTR-9909649
g6396.t1	9b541efe521c3e43e6be3c48fe21f8b9	508	SUPERFAMILY	SSF144232	HIT/MYND zinc finger-like	190	231	7.15E-7	T	06-07-2026	-	-	-	-
g6396.t1	9b541efe521c3e43e6be3c48fe21f8b9	508	Gene3D	G3DSA:1.25.40.10	Tetratricopeptide repeat domain	22	121	6.4E-10	T	06-07-2026	IPR011990	Tetratricopeptide-like helical domain superfamily	GO:0005515(InterPro)	Reactome:R-BTA-1169091|Reactome:R-BTA-1234176|Reactome:R-BTA-1236978|Reactome:R-BTA-141430|Reactome:R-BTA-156827|Reactome:R-BTA-174048|Reactome:R-BTA-174084|Reactome:R-BTA-174154|Reactome:R-BTA-174178|Reactome:R-BTA-174184|Reactome:R-BTA-176407|Reactome:R-BTA-176408|Reactome:R-BTA-176409|Reactome:R-BTA-176412|Reactome:R-BTA-177504|Reactome:R-BTA-179409|Reactome:R-BTA-187577|Reactome:R-BTA-190873|Reactome:R-BTA-195253|Reactome:R-BTA-196025|Reactome:R-BTA-202424|Reactome:R-BTA-204005|Reactome:R-BTA-2132295|Reactome:R-BTA-2467813|Reactome:R-BTA-2559582|Reactome:R-BTA-2672351|Reactome:R-BTA-2871837|Reactome:R-BTA-3214841|Reactome:R-BTA-3371497|Reactome:R-BTA-349425|Reactome:R-BTA-350562|Reactome:R-BTA-382556|Reactome:R-BTA-429947|Reactome:R-BTA-432720|Reactome:R-BTA-432722|Reactome:R-BTA-437239|Reactome:R-BTA-450408|Reactome:R-BTA-4608870|Reactome:R-BTA-4641257|Reactome:R-BTA-4641258|Reactome:R-BTA-5099900|Reactome:R-BTA-5140745|Reactome:R-BTA-5358346|Reactome:R-BTA-5389840|Reactome:R-BTA-5419276|Reactome:R-BTA-5578775|Reactome:R-BTA-5607761|Reactome:R-BTA-5607764|Reactome:R-BTA-5610780|Reactome:R-BTA-5610785|Reactome:R-BTA-5620922|Reactome:R-BTA-5620924|Reactome:R-BTA-5632684|Reactome:R-BTA-5668541|Reactome:R-BTA-5676590|Reactome:R-BTA-5687128|Reactome:R-BTA-5689603|Reactome:R-BTA-5689880|Reactome:R-BTA-6798695|Reactome:R-BTA-6804115|Reactome:R-BTA-6804760|Reactome:R-BTA-6807878|Reactome:R-BTA-6811434|Reactome:R-BTA-6811438|Reactome:R-BTA-6811440|Reactome:R-BTA-68867|Reactome:R-BTA-68949|Reactome:R-BTA-69017|Reactome:R-BTA-69481|Reactome:R-BTA-69601|Reactome:R-BTA-72163|Reactome:R-BTA-72165|Reactome:R-BTA-72649|Reactome:R-BTA-72689|Reactome:R-BTA-72695|Reactome:R-BTA-72702|Reactome:R-BTA-75815|Reactome:R-BTA-844456|Reactome:R-BTA-8852276|Reactome:R-BTA-8854050|Reactome:R-BTA-8856825|Reactome:R-BTA-8856828|Reactome:R-BTA-8866427|Reactome:R-BTA-8866654|Reactome:R-BTA-8939211|Reactome:R-BTA-8939236|Reactome:R-BTA-8939902|Reactome:R-BTA-8941858|Reactome:R-BTA-8948751|Reactome:R-BTA-8951664|Reactome:R-BTA-8964038|Reactome:R-BTA-9013420|Reactome:R-BTA-9013424|Reactome:R-BTA-9020702|Reactome:R-BTA-9033241|Reactome:R-BTA-9603798|Reactome:R-BTA-9609523|Reactome:R-BTA-9664873|Reactome:R-BTA-9696273|Reactome:R-BTA-9755511|Reactome:R-BTA-9762114|Reactome:R-BTA-9766229|Reactome:R-BTA-983168|Reactome:R-BTA-9907900|Reactome:R-BTA-9929356|Reactome:R-BTA-9929491|Reactome:R-BTA-9931269|Reactome:R-BTA-9932298|Reactome:R-BTA-9937383|Reactome:R-BTA-9954709|Reactome:R-CEL-112382|Reactome:R-CEL-166208|Reactome:R-CEL-1799339|Reactome:R-CEL-190873|Reactome:R-CEL-196025|Reactome:R-CEL-3214841|Reactome:R-CEL-3928665|Reactome:R-CEL-432720|Reactome:R-CEL-432722|Reactome:R-CEL-437239|Reactome:R-CEL-5099900|Reactome:R-CEL-5140745|Reactome:R-CEL-5610787|Reactome:R-CEL-5620922|Reactome:R-CEL-5620924|Reactome:R-CEL-5675221|Reactome:R-CEL-5696394|Reactome:R-CEL-674695|Reactome:R-CEL-6781823|Reactome:R-CEL-6807878|Reactome:R-CEL-6811434|Reactome:R-CEL-75955|Reactome:R-CEL-8856825|Reactome:R-CEL-8856828|Reactome:R-CEL-8866427|Reactome:R-CEL-8939211|Reactome:R-CEL-8951664|Reactome:R-CEL-8964038|Reactome:R-CEL-9013420|Reactome:R-CEL-9013424|Reactome:R-CEL-9603798|Reactome:R-CEL-983168|Reactome:R-CEL-983189|Reactome:R-CFA-1799339|Reactome:R-DDI-1236978|Reactome:R-DDI-141430|Reactome:R-DDI-174048|Reactome:R-DDI-174084|Reactome:R-DDI-174154|Reactome:R-DDI-174178|Reactome:R-DDI-174184|Reactome:R-DDI-176407|Reactome:R-DDI-176408|Reactome:R-DDI-176409|Reactome:R-DDI-176412|Reactome:R-DDI-179409|Reactome:R-DDI-1799339|Reactome:R-DDI-187577|Reactome:R-DDI-204005|Reactome:R-DDI-2467813|Reactome:R-DDI-2559580|Reactome:R-DDI-2559582|Reactome:R-DDI-3371453|Reactome:R-DDI-349425|Reactome:R-DDI-382556|Reactome:R-DDI-432720|Reactome:R-DDI-437239|Reactome:R-DDI-450408|Reactome:R-DDI-4641258|Reactome:R-DDI-5632684|Reactome:R-DDI-5658442|Reactome:R-DDI-5687128|Reactome:R-DDI-5689603|Reactome:R-DDI-5689880|Reactome:R-DDI-6781823|Reactome:R-DDI-6782135|Reactome:R-DDI-6782210|Reactome:R-DDI-6791226|Reactome:R-DDI-6798695|Reactome:R-DDI-6804760|Reactome:R-DDI-6807878|Reactome:R-DDI-6811434|Reactome:R-DDI-6811438|Reactome:R-DDI-6811440|Reactome:R-DDI-68949|Reactome:R-DDI-69017|Reactome:R-DDI-69601|Reactome:R-DDI-72163|Reactome:R-DDI-75815|Reactome:R-DDI-844456|Reactome:R-DDI-8854050|Reactome:R-DDI-8856828|Reactome:R-DDI-8866427|Reactome:R-DDI-8866654|Reactome:R-DDI-8948751|Reactome:R-DDI-8951664|Reactome:R-DDI-8964038|Reactome:R-DDI-9033241|Reactome:R-DDI-9609523|Reactome:R-DDI-9664873|Reactome:R-DDI-9755511|Reactome:R-DDI-983168|Reactome:R-DDI-9833482|Reactome:R-DDI-9907900|Reactome:R-DDI-9929491|Reactome:R-DDI-9954709|Reactome:R-DME-1257604|Reactome:R-DME-156827|Reactome:R-DME-159227|Reactome:R-DME-159230|Reactome:R-DME-159231|Reactome:R-DME-159236|Reactome:R-DME-1632852|Reactome:R-DME-165159|Reactome:R-DME-166208|Reactome:R-DME-177504|Reactome:R-DME-190873|Reactome:R-DME-196025|Reactome:R-DME-204005|Reactome:R-DME-2470946|Reactome:R-DME-3108214|Reactome:R-DME-3301854|Reactome:R-DME-3371453|Reactome:R-DME-3371497|Reactome:R-DME-3371568|Reactome:R-DME-3371571|Reactome:R-DME-380972|Reactome:R-DME-381426|Reactome:R-DME-389357|Reactome:R-DME-3928665|Reactome:R-DME-4085377|Reactome:R-DME-432720|Reactome:R-DME-432722|Reactome:R-DME-437239|Reactome:R-DME-4551638|Reactome:R-DME-4615885|Reactome:R-DME-5099900|Reactome:R-DME-5140745|Reactome:R-DME-5218920|Reactome:R-DME-5389840|Reactome:R-DME-5419276|Reactome:R-DME-5620922|Reactome:R-DME-5628897|Reactome:R-DME-6781823|Reactome:R-DME-6782135|Reactome:R-DME-6782210|Reactome:R-DME-6791226|Reactome:R-DME-6807878|Reactome:R-DME-6811434|Reactome:R-DME-6811438|Reactome:R-DME-6811440|Reactome:R-DME-72163|Reactome:R-DME-72649|Reactome:R-DME-72689|Reactome:R-DME-72695|Reactome:R-DME-72702|Reactome:R-DME-73856|Reactome:R-DME-77595|Reactome:R-DME-8856825|Reactome:R-DME-8856828|Reactome:R-DME-8866427|Reactome:R-DME-8939211|Reactome:R-DME-8943724|Reactome:R-DME-8951664|Reactome:R-DME-8957275|Reactome:R-DME-8964038|Reactome:R-DME-9013420|Reactome:R-DME-9013424|Reactome:R-DME-9018519|Reactome:R-DME-9603798|Reactome:R-DME-9639288|Reactome:R-DME-9770562|Reactome:R-DME-983168|Reactome:R-DME-983189|Reactome:R-DME-9856530|Reactome:R-DME-9865881|Reactome:R-DME-9909505|Reactome:R-DME-9937383|Reactome:R-DRE-1169091|Reactome:R-DRE-1234176|Reactome:R-DRE-1236978|Reactome:R-DRE-156827|Reactome:R-DRE-174084|Reactome:R-DRE-174154|Reactome:R-DRE-174178|Reactome:R-DRE-174184|Reactome:R-DRE-187577|Reactome:R-DRE-195253|Reactome:R-DRE-2467813|Reactome:R-DRE-3214841|Reactome:R-DRE-349425|Reactome:R-DRE-350562|Reactome:R-DRE-382556|Reactome:R-DRE-450408|Reactome:R-DRE-4608870|Reactome:R-DRE-4641257|Reactome:R-DRE-4641258|Reactome:R-DRE-5358346|Reactome:R-DRE-5389840|Reactome:R-DRE-5419276|Reactome:R-DRE-5610780|Reactome:R-DRE-5610785|Reactome:R-DRE-5624138|Reactome:R-DRE-5632684|Reactome:R-DRE-5658442|Reactome:R-DRE-5668541|Reactome:R-DRE-5687128|Reactome:R-DRE-5689603|Reactome:R-DRE-5689880|Reactome:R-DRE-5696394|Reactome:R-DRE-6781823|Reactome:R-DRE-6783310|Reactome:R-DRE-6798695|Reactome:R-DRE-6804115|Reactome:R-DRE-6804760|Reactome:R-DRE-68867|Reactome:R-DRE-68949|Reactome:R-DRE-69017|Reactome:R-DRE-69481|Reactome:R-DRE-69601|Reactome:R-DRE-72163|Reactome:R-DRE-72649|Reactome:R-DRE-72689|Reactome:R-DRE-72695|Reactome:R-DRE-72702|Reactome:R-DRE-75815|Reactome:R-DRE-8852276|Reactome:R-DRE-8854050|Reactome:R-DRE-8856825|Reactome:R-DRE-8939236|Reactome:R-DRE-8939902|Reactome:R-DRE-8941858|Reactome:R-DRE-8948751|Reactome:R-DRE-8951664|Reactome:R-DRE-9013422|Reactome:R-DRE-9755511|Reactome:R-DRE-975957|Reactome:R-DRE-9762114|Reactome:R-DRE-9766229|Reactome:R-DRE-983168|Reactome:R-DRE-9865881|Reactome:R-DRE-9907900|Reactome:R-DRE-9929491|Reactome:R-DRE-9932298|Reactome:R-DRE-9937383|Reactome:R-DRE-9954709|Reactome:R-GGA-1650814|Reactome:R-GGA-429947|Reactome:R-GGA-6804115|Reactome:R-GGA-6807878|Reactome:R-GGA-6811434|Reactome:R-GGA-72649|Reactome:R-GGA-72695|Reactome:R-GGA-72702|Reactome:R-HSA-112382|Reactome:R-HSA-1169091|Reactome:R-HSA-1169408|Reactome:R-HSA-1221632|Reactome:R-HSA-1222556|Reactome:R-HSA-1234176|Reactome:R-HSA-1236973|Reactome:R-HSA-1236974|Reactome:R-HSA-1236978|Reactome:R-HSA-1257604|Reactome:R-HSA-1268020|Reactome:R-HSA-141430|Reactome:R-HSA-141444|Reactome:R-HSA-156827|Reactome:R-HSA-159227|Reactome:R-HSA-159230|Reactome:R-HSA-159231|Reactome:R-HSA-159236|Reactome:R-HSA-163282|Reactome:R-HSA-1632852|Reactome:R-HSA-165054|Reactome:R-HSA-1650814|Reactome:R-HSA-165159|Reactome:R-HSA-166208|Reactome:R-HSA-168271|Reactome:R-HSA-168275|Reactome:R-HSA-168276|Reactome:R-HSA-168325|Reactome:R-HSA-168333|Reactome:R-HSA-168928|Reactome:R-HSA-170822|Reactome:R-HSA-174048|Reactome:R-HSA-174084|Reactome:R-HSA-174113|Reactome:R-HSA-174154|Reactome:R-HSA-174178|Reactome:R-HSA-174184|Reactome:R-HSA-176187|Reactome:R-HSA-176407|Reactome:R-HSA-176408|Reactome:R-HSA-176409|Reactome:R-HSA-176412|Reactome:R-HSA-177504|Reactome:R-HSA-179409|Reactome:R-HSA-1799339|Reactome:R-HSA-180534|Reactome:R-HSA-180585|Reactome:R-HSA-180746|Reactome:R-HSA-180910|Reactome:R-HSA-187577|Reactome:R-HSA-190873|Reactome:R-HSA-1912420|Reactome:R-HSA-191859|Reactome:R-HSA-192823|Reactome:R-HSA-195253|Reactome:R-HSA-196025|Reactome:R-HSA-202424|Reactome:R-HSA-204005|Reactome:R-HSA-211733|Reactome:R-HSA-2132295|Reactome:R-HSA-2151201|Reactome:R-HSA-2173788|Reactome:R-HSA-2467813|Reactome:R-HSA-2470946|Reactome:R-HSA-2500257|Reactome:R-HSA-2559582|Reactome:R-HSA-2559584|Reactome:R-HSA-2672351|Reactome:R-HSA-2871837|Reactome:R-HSA-3108214|Reactome:R-HSA-3214841|Reactome:R-HSA-3214842|Reactome:R-HSA-3214847|Reactome:R-HSA-3232142|Reactome:R-HSA-3299685|Reactome:R-HSA-3301854|Reactome:R-HSA-3371453|Reactome:R-HSA-3371497|Reactome:R-HSA-3371568|Reactome:R-HSA-3371571|Reactome:R-HSA-349425|Reactome:R-HSA-350562|Reactome:R-HSA-380972|Reactome:R-HSA-381038|Reactome:R-HSA-381426|Reactome:R-HSA-382556|Reactome:R-HSA-389357|Reactome:R-HSA-3928665|Reactome:R-HSA-4085377|Reactome:R-HSA-418594|Reactome:R-HSA-429947|Reactome:R-HSA-429958|Reactome:R-HSA-432720|Reactome:R-HSA-432722|Reactome:R-HSA-437239|Reactome:R-HSA-4420097|Reactome:R-HSA-450408|Reactome:R-HSA-4551638|Reactome:R-HSA-4570464|Reactome:R-HSA-4608870|Reactome:R-HSA-4615885|Reactome:R-HSA-4641257|Reactome:R-HSA-4641258|Reactome:R-HSA-5099900|Reactome:R-HSA-5140745|Reactome:R-HSA-5205685|Reactome:R-HSA-5213460|Reactome:R-HSA-5218920|Reactome:R-HSA-5357905|Reactome:R-HSA-5358346|Reactome:R-HSA-5362768|Reactome:R-HSA-5368286|Reactome:R-HSA-5389840|Reactome:R-HSA-5419276|Reactome:R-HSA-5578775|Reactome:R-HSA-5601884|Reactome:R-HSA-5607761|Reactome:R-HSA-5607764|Reactome:R-HSA-5610780|Reactome:R-HSA-5610783|Reactome:R-HSA-5610785|Reactome:R-HSA-5610787|Reactome:R-HSA-5617472|Reactome:R-HSA-5619107|Reactome:R-HSA-5620922|Reactome:R-HSA-5620924|Reactome:R-HSA-5624138|Reactome:R-HSA-5625970|Reactome:R-HSA-5628897|Reactome:R-HSA-5632684|Reactome:R-HSA-5658442|Reactome:R-HSA-5663220|Reactome:R-HSA-5668541|Reactome:R-HSA-5668599|Reactome:R-HSA-5674400|Reactome:R-HSA-5675221|Reactome:R-HSA-5675482|Reactome:R-HSA-5676590|Reactome:R-HSA-5678895|Reactome:R-HSA-5685938|Reactome:R-HSA-5687128|Reactome:R-HSA-5689603|Reactome:R-HSA-5689880|Reactome:R-HSA-5693565|Reactome:R-HSA-5693607|Reactome:R-HSA-5693616|Reactome:R-HSA-5696394|Reactome:R-HSA-674695|Reactome:R-HSA-6781823|Reactome:R-HSA-6781827|Reactome:R-HSA-6782135|Reactome:R-HSA-6782210|Reactome:R-HSA-6783310|Reactome:R-HSA-6784531|Reactome:R-HSA-6785470|Reactome:R-HSA-6787450|Reactome:R-HSA-6790901|Reactome:R-HSA-6791226|Reactome:R-HSA-6796648|Reactome:R-HSA-6798695|Reactome:R-HSA-6804115|Reactome:R-HSA-6804756|Reactome:R-HSA-6804757|Reactome:R-HSA-6804760|Reactome:R-HSA-6807505|Reactome:R-HSA-6807878|Reactome:R-HSA-6811434|Reactome:R-HSA-6811438|Reactome:R-HSA-6811440|Reactome:R-HSA-68867|Reactome:R-HSA-68877|Reactome:R-HSA-68949|Reactome:R-HSA-69017|Reactome:R-HSA-69473|Reactome:R-HSA-69481|Reactome:R-HSA-69601|Reactome:R-HSA-72163|Reactome:R-HSA-72165|Reactome:R-HSA-72187|Reactome:R-HSA-72649|Reactome:R-HSA-72689|Reactome:R-HSA-72695|Reactome:R-HSA-72702|Reactome:R-HSA-72706|Reactome:R-HSA-73856|Reactome:R-HSA-749476|Reactome:R-HSA-75815|Reactome:R-HSA-75955|Reactome:R-HSA-76061|Reactome:R-HSA-76066|Reactome:R-HSA-77595|Reactome:R-HSA-844456|Reactome:R-HSA-8852276|Reactome:R-HSA-8853884|Reactome:R-HSA-8854050|Reactome:R-HSA-8856825|Reactome:R-HSA-8856828|Reactome:R-HSA-8863795|Reactome:R-HSA-8866427|Reactome:R-HSA-8866654|Reactome:R-HSA-8868766|Reactome:R-HSA-8876198|Reactome:R-HSA-8937144|Reactome:R-HSA-8939211|Reactome:R-HSA-8939236|Reactome:R-HSA-8939902|Reactome:R-HSA-8941858|Reactome:R-HSA-8943724|Reactome:R-HSA-8948751|Reactome:R-HSA-8950505|Reactome:R-HSA-8951664|Reactome:R-HSA-8957275|Reactome:R-HSA-8964038|Reactome:R-HSA-901032|Reactome:R-HSA-9010553|Reactome:R-HSA-9013149|Reactome:R-HSA-9013404|Reactome:R-HSA-9013420|Reactome:R-HSA-9013422|Reactome:R-HSA-9013423|Reactome:R-HSA-9013424|Reactome:R-HSA-9018519|Reactome:R-HSA-9020702|Reactome:R-HSA-9022699|Reactome:R-HSA-9033241|Reactome:R-HSA-909733|Reactome:R-HSA-9603798|Reactome:R-HSA-9604323|Reactome:R-HSA-9609523|Reactome:R-HSA-9609690|Reactome:R-HSA-9610379|Reactome:R-HSA-9613829|Reactome:R-HSA-9615710|Reactome:R-HSA-9629569|Reactome:R-HSA-9639288|Reactome:R-HSA-9646399|Reactome:R-HSA-9648025|Reactome:R-HSA-9660826|Reactome:R-HSA-9664873|Reactome:R-HSA-9673324|Reactome:R-HSA-9679191|Reactome:R-HSA-9687136|Reactome:R-HSA-9692916|Reactome:R-HSA-9696273|Reactome:R-HSA-9700645|Reactome:R-HSA-9705671|Reactome:R-HSA-9709570|Reactome:R-HSA-9725370|Reactome:R-HSA-9733709|Reactome:R-HSA-9754560|Reactome:R-HSA-9755511|Reactome:R-HSA-975957|Reactome:R-HSA-9760173|Reactome:R-HSA-9762114|Reactome:R-HSA-9766229|Reactome:R-HSA-9770562|Reactome:R-HSA-9772755|Reactome:R-HSA-9818564|Reactome:R-HSA-9820841|Reactome:R-HSA-9821002|Reactome:R-HSA-9824272|Reactome:R-HSA-983168|Reactome:R-HSA-983189|Reactome:R-HSA-9833482|Reactome:R-HSA-9836573|Reactome:R-HSA-9840373|Reactome:R-HSA-9841922|Reactome:R-HSA-9856530|Reactome:R-HSA-9865881|Reactome:R-HSA-9907900|Reactome:R-HSA-9909505|Reactome:R-HSA-9913635|Reactome:R-HSA-9918432|Reactome:R-HSA-9918481|Reactome:R-HSA-9920588|Reactome:R-HSA-9920951|Reactome:R-HSA-9929356|Reactome:R-HSA-9929491|Reactome:R-HSA-9930044|Reactome:R-HSA-9931269|Reactome:R-HSA-9931953|Reactome:R-HSA-9932298|Reactome:R-HSA-9937008|Reactome:R-HSA-9937383|Reactome:R-HSA-9954709|Reactome:R-MMU-112382|Reactome:R-MMU-1169091|Reactome:R-MMU-1222556|Reactome:R-MMU-1234176|Reactome:R-MMU-1236973|Reactome:R-MMU-1236978|Reactome:R-MMU-1257604|Reactome:R-MMU-141430|Reactome:R-MMU-141444|Reactome:R-MMU-156827|Reactome:R-MMU-159227|Reactome:R-MMU-159230|Reactome:R-MMU-159231|Reactome:R-MMU-159236|Reactome:R-MMU-163282|Reactome:R-MMU-1632852|Reactome:R-MMU-1650814|Reactome:R-MMU-165159|Reactome:R-MMU-166208|Reactome:R-MMU-168928|Reactome:R-MMU-170822|Reactome:R-MMU-174048|Reactome:R-MMU-174084|Reactome:R-MMU-174154|Reactome:R-MMU-174178|Reactome:R-MMU-174184|Reactome:R-MMU-176187|Reactome:R-MMU-176407|Reactome:R-MMU-176408|Reactome:R-MMU-176409|Reactome:R-MMU-176412|Reactome:R-MMU-177504|Reactome:R-MMU-179409|Reactome:R-MMU-187577|Reactome:R-MMU-190873|Reactome:R-MMU-191859|Reactome:R-MMU-195253|Reactome:R-MMU-196025|Reactome:R-MMU-202424|Reactome:R-MMU-204005|Reactome:R-MMU-2132295|Reactome:R-MMU-2173788|Reactome:R-MMU-2467813|Reactome:R-MMU-2470946|Reactome:R-MMU-2500257|Reactome:R-MMU-2559582|Reactome:R-MMU-2672351|Reactome:R-MMU-2871837|Reactome:R-MMU-3108214|Reactome:R-MMU-3214841|Reactome:R-MMU-3214842|Reactome:R-MMU-3214847|Reactome:R-MMU-3232142|Reactome:R-MMU-3299685|Reactome:R-MMU-3301854|Reactome:R-MMU-3371453|Reactome:R-MMU-3371497|Reactome:R-MMU-3371568|Reactome:R-MMU-3371571|Reactome:R-MMU-349425|Reactome:R-MMU-350562|Reactome:R-MMU-380972|Reactome:R-MMU-381426|Reactome:R-MMU-382556|Reactome:R-MMU-389357|Reactome:R-MMU-4085377|Reactome:R-MMU-418594|Reactome:R-MMU-429947|Reactome:R-MMU-429958|Reactome:R-MMU-432720|Reactome:R-MMU-432722|Reactome:R-MMU-437239|Reactome:R-MMU-4420097|Reactome:R-MMU-450408|Reactome:R-MMU-4551638|Reactome:R-MMU-4570464|Reactome:R-MMU-4608870|Reactome:R-MMU-4615885|Reactome:R-MMU-4641257|Reactome:R-MMU-4641258|Reactome:R-MMU-5099900|Reactome:R-MMU-5140745|Reactome:R-MMU-5205685|Reactome:R-MMU-5218920|Reactome:R-MMU-5357905|Reactome:R-MMU-5358346|Reactome:R-MMU-5389840|Reactome:R-MMU-5419276|Reactome:R-MMU-5578775|Reactome:R-MMU-5607761|Reactome:R-MMU-5607764|Reactome:R-MMU-5610780|Reactome:R-MMU-5610785|Reactome:R-MMU-5610787|Reactome:R-MMU-5620922|Reactome:R-MMU-5620924|Reactome:R-MMU-5624138|Reactome:R-MMU-5625970|Reactome:R-MMU-5628897|Reactome:R-MMU-5632684|Reactome:R-MMU-5658442|Reactome:R-MMU-5663220|Reactome:R-MMU-5668541|Reactome:R-MMU-5668599|Reactome:R-MMU-5675221|Reactome:R-MMU-5675482|Reactome:R-MMU-5676590|Reactome:R-MMU-5685938|Reactome:R-MMU-5687128|Reactome:R-MMU-5689603|Reactome:R-MMU-5689880|Reactome:R-MMU-5693565|Reactome:R-MMU-5693607|Reactome:R-MMU-5696394|Reactome:R-MMU-674695|Reactome:R-MMU-6781823|Reactome:R-MMU-6782135|Reactome:R-MMU-6782210|Reactome:R-MMU-6783310|Reactome:R-MMU-6791226|Reactome:R-MMU-6798695|Reactome:R-MMU-6804115|Reactome:R-MMU-6804756|Reactome:R-MMU-6804757|Reactome:R-MMU-6804760|Reactome:R-MMU-6807878|Reactome:R-MMU-6811434|Reactome:R-MMU-6811438|Reactome:R-MMU-6811440|Reactome:R-MMU-68867|Reactome:R-MMU-68877|Reactome:R-MMU-68949|Reactome:R-MMU-69017|Reactome:R-MMU-69473|Reactome:R-MMU-69481|Reactome:R-MMU-69601|Reactome:R-MMU-72163|Reactome:R-MMU-72165|Reactome:R-MMU-72187|Reactome:R-MMU-72649|Reactome:R-MMU-72689|Reactome:R-MMU-72695|Reactome:R-MMU-72702|Reactome:R-MMU-72706|Reactome:R-MMU-73856|Reactome:R-MMU-75815|Reactome:R-MMU-75955|Reactome:R-MMU-77595|Reactome:R-MMU-844456|Reactome:R-MMU-8852276|Reactome:R-MMU-8854050|Reactome:R-MMU-8856825|Reactome:R-MMU-8856828|Reactome:R-MMU-8863795|Reactome:R-MMU-8866427|Reactome:R-MMU-8866654|Reactome:R-MMU-8876198|Reactome:R-MMU-8939211|Reactome:R-MMU-8939236|Reactome:R-MMU-8939902|Reactome:R-MMU-8941858|Reactome:R-MMU-8943724|Reactome:R-MMU-8948751|Reactome:R-MMU-8951664|Reactome:R-MMU-8957275|Reactome:R-MMU-8964038|Reactome:R-MMU-9013149|Reactome:R-MMU-9013404|Reactome:R-MMU-9013420|Reactome:R-MMU-9013422|Reactome:R-MMU-9013423|Reactome:R-MMU-9013424|Reactome:R-MMU-9018519|Reactome:R-MMU-9020702|Reactome:R-MMU-9033241|Reactome:R-MMU-9603798|Reactome:R-MMU-9609523|Reactome:R-MMU-9639288|Reactome:R-MMU-9646399|Reactome:R-MMU-9648025|Reactome:R-MMU-9664873|Reactome:R-MMU-9696273|Reactome:R-MMU-9755511|Reactome:R-MMU-975957|Reactome:R-MMU-9762114|Reactome:R-MMU-9766229|Reactome:R-MMU-9770562|Reactome:R-MMU-9772755|Reactome:R-MMU-9818564|Reactome:R-MMU-983168|Reactome:R-MMU-983189|Reactome:R-MMU-9833482|Reactome:R-MMU-9840373|Reactome:R-MMU-9856530|Reactome:R-MMU-9865881|Reactome:R-MMU-9907900|Reactome:R-MMU-9909505|Reactome:R-MMU-9913635|Reactome:R-MMU-9929356|Reactome:R-MMU-9929491|Reactome:R-MMU-9931269|Reactome:R-MMU-9932298|Reactome:R-MMU-9937383|Reactome:R-MMU-9954709|Reactome:R-PFA-3371497|Reactome:R-RNO-1169091|Reactome:R-RNO-1222556|Reactome:R-RNO-1234176|Reactome:R-RNO-1236973|Reactome:R-RNO-1236978|Reactome:R-RNO-1257604|Reactome:R-RNO-141430|Reactome:R-RNO-1632852|Reactome:R-RNO-1650814|Reactome:R-RNO-165159|Reactome:R-RNO-166208|Reactome:R-RNO-168928|Reactome:R-RNO-174048|Reactome:R-RNO-174084|Reactome:R-RNO-174113|Reactome:R-RNO-174154|Reactome:R-RNO-174178|Reactome:R-RNO-174184|Reactome:R-RNO-176407|Reactome:R-RNO-176408|Reactome:R-RNO-176412|Reactome:R-RNO-177504|Reactome:R-RNO-179409|Reactome:R-RNO-187577|Reactome:R-RNO-190873|Reactome:R-RNO-195253|Reactome:R-RNO-196025|Reactome:R-RNO-202424|Reactome:R-RNO-204005|Reactome:R-RNO-2132295|Reactome:R-RNO-2173788|Reactome:R-RNO-2467813|Reactome:R-RNO-2559582|Reactome:R-RNO-2559584|Reactome:R-RNO-2871837|Reactome:R-RNO-3214841|Reactome:R-RNO-3214847|Reactome:R-RNO-3299685|Reactome:R-RNO-3371453|Reactome:R-RNO-3371497|Reactome:R-RNO-3371568|Reactome:R-RNO-3371571|Reactome:R-RNO-349425|Reactome:R-RNO-350562|Reactome:R-RNO-380972|Reactome:R-RNO-381426|Reactome:R-RNO-382556|Reactome:R-RNO-389357|Reactome:R-RNO-418594|Reactome:R-RNO-432720|Reactome:R-RNO-432722|Reactome:R-RNO-437239|Reactome:R-RNO-4420097|Reactome:R-RNO-450408|Reactome:R-RNO-4608870|Reactome:R-RNO-4641257|Reactome:R-RNO-4641258|Reactome:R-RNO-5099900|Reactome:R-RNO-5140745|Reactome:R-RNO-5205685|Reactome:R-RNO-5218920|Reactome:R-RNO-5357905|Reactome:R-RNO-5358346|Reactome:R-RNO-5607761|Reactome:R-RNO-5607764|Reactome:R-RNO-5610780|Reactome:R-RNO-5610785|Reactome:R-RNO-5610787|Reactome:R-RNO-5620924|Reactome:R-RNO-5625970|Reactome:R-RNO-5628897|Reactome:R-RNO-5632684|Reactome:R-RNO-5658442|Reactome:R-RNO-5668541|Reactome:R-RNO-5668599|Reactome:R-RNO-5675221|Reactome:R-RNO-5675482|Reactome:R-RNO-5676590|Reactome:R-RNO-5687128|Reactome:R-RNO-5689603|Reactome:R-RNO-5689880|Reactome:R-RNO-5693565|Reactome:R-RNO-5696394|Reactome:R-RNO-6781823|Reactome:R-RNO-6782135|Reactome:R-RNO-6782210|Reactome:R-RNO-6798695|Reactome:R-RNO-6804115|Reactome:R-RNO-6804757|Reactome:R-RNO-6804760|Reactome:R-RNO-6807878|Reactome:R-RNO-6811434|Reactome:R-RNO-6811438|Reactome:R-RNO-6811440|Reactome:R-RNO-68867|Reactome:R-RNO-68949|Reactome:R-RNO-69017|Reactome:R-RNO-69481|Reactome:R-RNO-69601|Reactome:R-RNO-72163|Reactome:R-RNO-72165|Reactome:R-RNO-75815|Reactome:R-RNO-844456|Reactome:R-RNO-8852276|Reactome:R-RNO-8854050|Reactome:R-RNO-8856825|Reactome:R-RNO-8856828|Reactome:R-RNO-8863795|Reactome:R-RNO-8866427|Reactome:R-RNO-8866654|Reactome:R-RNO-8939211|Reactome:R-RNO-8939236|Reactome:R-RNO-8941858|Reactome:R-RNO-8943724|Reactome:R-RNO-8948751|Reactome:R-RNO-8951664|Reactome:R-RNO-8957275|Reactome:R-RNO-8964038|Reactome:R-RNO-9013149|Reactome:R-RNO-9013404|Reactome:R-RNO-9013420|Reactome:R-RNO-9013422|Reactome:R-RNO-9013423|Reactome:R-RNO-9013424|Reactome:R-RNO-9018519|Reactome:R-RNO-9020702|Reactome:R-RNO-9033241|Reactome:R-RNO-9603798|Reactome:R-RNO-9609523|Reactome:R-RNO-9639288|Reactome:R-RNO-9664873|Reactome:R-RNO-9696273|Reactome:R-RNO-9755511|Reactome:R-RNO-9762114|Reactome:R-RNO-9766229|Reactome:R-RNO-9772755|Reactome:R-RNO-983168|Reactome:R-RNO-983189|Reactome:R-RNO-9833482|Reactome:R-RNO-9840373|Reactome:R-RNO-9856530|Reactome:R-RNO-9865881|Reactome:R-RNO-9907900|Reactome:R-RNO-9909505|Reactome:R-RNO-9929356|Reactome:R-RNO-9929491|Reactome:R-RNO-9931269|Reactome:R-RNO-9932298|Reactome:R-RNO-9954709|Reactome:R-SCE-1236978|Reactome:R-SCE-1257604|Reactome:R-SCE-1799339|Reactome:R-SCE-190873|Reactome:R-SCE-196025|Reactome:R-SCE-204005|Reactome:R-SCE-2559580|Reactome:R-SCE-2559586|Reactome:R-SCE-3371497|Reactome:R-SCE-3371571|Reactome:R-SCE-389357|Reactome:R-SCE-429958|Reactome:R-SCE-432720|Reactome:R-SCE-437239|Reactome:R-SCE-5218920|Reactome:R-SCE-5668541|Reactome:R-SCE-5689880|Reactome:R-SCE-5693548|Reactome:R-SCE-5693565|Reactome:R-SCE-6782135|Reactome:R-SCE-6782210|Reactome:R-SCE-6791226|Reactome:R-SCE-6798695|Reactome:R-SCE-6804757|Reactome:R-SCE-6807878|Reactome:R-SCE-6811434|Reactome:R-SCE-6811438|Reactome:R-SCE-6811440|Reactome:R-SCE-76061|Reactome:R-SCE-76066|Reactome:R-SCE-844456|Reactome:R-SCE-8856828|Reactome:R-SCE-8866427|Reactome:R-SCE-8939211|Reactome:R-SCE-8964038|Reactome:R-SCE-9013420|Reactome:R-SCE-9013424|Reactome:R-SCE-9033241|Reactome:R-SCE-9603798|Reactome:R-SCE-9609523|Reactome:R-SCE-9639288|Reactome:R-SCE-9664873|Reactome:R-SCE-9696273|Reactome:R-SCE-975957|Reactome:R-SCE-983168|Reactome:R-SCE-9856530|Reactome:R-SCE-9907900|Reactome:R-SPO-1257604|Reactome:R-SPO-176408|Reactome:R-SPO-179409|Reactome:R-SPO-1799339|Reactome:R-SPO-190873|Reactome:R-SPO-196025|Reactome:R-SPO-204005|Reactome:R-SPO-2559580|Reactome:R-SPO-2559582|Reactome:R-SPO-2559586|Reactome:R-SPO-3371497|Reactome:R-SPO-3371571|Reactome:R-SPO-389357|Reactome:R-SPO-429958|Reactome:R-SPO-432720|Reactome:R-SPO-437239|Reactome:R-SPO-5218920|Reactome:R-SPO-5693548|Reactome:R-SPO-5693565|Reactome:R-SPO-6782135|Reactome:R-SPO-6782210|Reactome:R-SPO-6791226|Reactome:R-SPO-6798695|Reactome:R-SPO-6803207|Reactome:R-SPO-6804756|Reactome:R-SPO-6804757|Reactome:R-SPO-6807878|Reactome:R-SPO-6811434|Reactome:R-SPO-6811438|Reactome:R-SPO-6811440|Reactome:R-SPO-72163|Reactome:R-SPO-72203|Reactome:R-SPO-76061|Reactome:R-SPO-76066|Reactome:R-SPO-8856828|Reactome:R-SPO-8866427|Reactome:R-SPO-8964038|Reactome:R-SPO-9013420|Reactome:R-SPO-9013424|Reactome:R-SPO-9033241|Reactome:R-SPO-9603798|Reactome:R-SPO-9609523|Reactome:R-SPO-9639288|Reactome:R-SPO-9664873|Reactome:R-SPO-9696273|Reactome:R-SPO-975957|Reactome:R-SPO-9770562|Reactome:R-SPO-983168|Reactome:R-SPO-9856530|Reactome:R-XTR-112382|Reactome:R-XTR-1169091|Reactome:R-XTR-1234176|Reactome:R-XTR-1236978|Reactome:R-XTR-156827|Reactome:R-XTR-166058|Reactome:R-XTR-174084|Reactome:R-XTR-174154|Reactome:R-XTR-174178|Reactome:R-XTR-174184|Reactome:R-XTR-195253|Reactome:R-XTR-2467813|Reactome:R-XTR-349425|Reactome:R-XTR-350562|Reactome:R-XTR-382556|Reactome:R-XTR-450408|Reactome:R-XTR-4608870|Reactome:R-XTR-4641257|Reactome:R-XTR-5358346|Reactome:R-XTR-5607761|Reactome:R-XTR-5610780|Reactome:R-XTR-5610785|Reactome:R-XTR-5610787|Reactome:R-XTR-5620924|Reactome:R-XTR-5632684|Reactome:R-XTR-5668541|Reactome:R-XTR-5676590|Reactome:R-XTR-5687128|Reactome:R-XTR-5689603|Reactome:R-XTR-5689880|Reactome:R-XTR-674695|Reactome:R-XTR-6798695|Reactome:R-XTR-6799198|Reactome:R-XTR-68867|Reactome:R-XTR-68949|Reactome:R-XTR-69017|Reactome:R-XTR-69481|Reactome:R-XTR-69601|Reactome:R-XTR-72695|Reactome:R-XTR-72702|Reactome:R-XTR-75815|Reactome:R-XTR-75955|Reactome:R-XTR-8852276|Reactome:R-XTR-8866654|Reactome:R-XTR-8939236|Reactome:R-XTR-8939902|Reactome:R-XTR-8941858|Reactome:R-XTR-8948751|Reactome:R-XTR-8951664|Reactome:R-XTR-975138|Reactome:R-XTR-9755511|Reactome:R-XTR-975871|Reactome:R-XTR-9762114|Reactome:R-XTR-9766229|Reactome:R-XTR-983168|Reactome:R-XTR-9907900|Reactome:R-XTR-9929491|Reactome:R-XTR-9932298|Reactome:R-XTR-9954709
g6396.t1	9b541efe521c3e43e6be3c48fe21f8b9	508	Gene3D	G3DSA:1.10.220.160	-	250	350	1.7E-25	T	06-07-2026	-	-	-	-
g6396.t1	9b541efe521c3e43e6be3c48fe21f8b9	508	SUPERFAMILY	SSF82199	SET domain	150	432	4.09E-13	T	06-07-2026	IPR046341	SET domain superfamily	-	Reactome:R-BTA-212300|Reactome:R-BTA-2299718|Reactome:R-BTA-3214841|Reactome:R-BTA-6804760|Reactome:R-BTA-9764725|Reactome:R-CEL-3214841|Reactome:R-CEL-8936459|Reactome:R-CEL-8943724|Reactome:R-CEL-8953750|Reactome:R-CEL-9764725|Reactome:R-CEL-9772755|Reactome:R-DDI-9772755|Reactome:R-DME-201722|Reactome:R-DME-212300|Reactome:R-DME-2559580|Reactome:R-DME-3214841|Reactome:R-DME-427359|Reactome:R-DME-6804760|Reactome:R-DME-8936459|Reactome:R-DME-8939236|Reactome:R-DME-8943724|Reactome:R-DME-8953750|Reactome:R-DME-9764725|Reactome:R-DME-9772755|Reactome:R-DME-9843940|Reactome:R-DME-9909649|Reactome:R-DRE-212300|Reactome:R-DRE-2299718|Reactome:R-DRE-2559580|Reactome:R-DRE-3214841|Reactome:R-DRE-6804760|Reactome:R-DRE-8953750|Reactome:R-DRE-9764725|Reactome:R-DRE-9843940|Reactome:R-DRE-9843970|Reactome:R-DRE-9909649|Reactome:R-HSA-193670|Reactome:R-HSA-201722|Reactome:R-HSA-212300|Reactome:R-HSA-212436|Reactome:R-HSA-2299718|Reactome:R-HSA-2559580|Reactome:R-HSA-2559582|Reactome:R-HSA-3214841|Reactome:R-HSA-3769402|Reactome:R-HSA-427359|Reactome:R-HSA-427389|Reactome:R-HSA-452723|Reactome:R-HSA-5617472|Reactome:R-HSA-5693565|Reactome:R-HSA-5693571|Reactome:R-HSA-5693607|Reactome:R-HSA-6804754|Reactome:R-HSA-6804760|Reactome:R-HSA-69473|Reactome:R-HSA-73762|Reactome:R-HSA-8853884|Reactome:R-HSA-8936459|Reactome:R-HSA-8939236|Reactome:R-HSA-8943724|Reactome:R-HSA-8953750|Reactome:R-HSA-912446|Reactome:R-HSA-9609690|Reactome:R-HSA-9616222|Reactome:R-HSA-9701898|Reactome:R-HSA-9710421|Reactome:R-HSA-9733709|Reactome:R-HSA-9762293|Reactome:R-HSA-9764725|Reactome:R-HSA-9772755|Reactome:R-HSA-9818564|Reactome:R-HSA-9827857|Reactome:R-HSA-9830364|Reactome:R-HSA-9841922|Reactome:R-HSA-9843940|Reactome:R-HSA-9843970|Reactome:R-HSA-9844594|Reactome:R-HSA-9909649|Reactome:R-HSA-9931510|Reactome:R-HSA-9931512|Reactome:R-HSA-9931521|Reactome:R-HSA-9944997|Reactome:R-MMU-201722|Reactome:R-MMU-212300|Reactome:R-MMU-212436|Reactome:R-MMU-2559580|Reactome:R-MMU-2559582|Reactome:R-MMU-3214841|Reactome:R-MMU-5693565|Reactome:R-MMU-5693571|Reactome:R-MMU-5693607|Reactome:R-MMU-6804760|Reactome:R-MMU-69473|Reactome:R-MMU-73762|Reactome:R-MMU-8936459|Reactome:R-MMU-8939236|Reactome:R-MMU-8943724|Reactome:R-MMU-8953750|Reactome:R-MMU-9764725|Reactome:R-MMU-9772755|Reactome:R-MMU-9818564|Reactome:R-MMU-9843940|Reactome:R-MMU-9909649|Reactome:R-RNO-212436|Reactome:R-RNO-3214841|Reactome:R-RNO-6804760|Reactome:R-SCE-9772755|Reactome:R-SPO-3214841|Reactome:R-SPO-9772755|Reactome:R-XTR-212300|Reactome:R-XTR-2299718|Reactome:R-XTR-2559580|Reactome:R-XTR-3214841|Reactome:R-XTR-6804760|Reactome:R-XTR-8953750|Reactome:R-XTR-9764725|Reactome:R-XTR-9909649
g6396.t1	9b541efe521c3e43e6be3c48fe21f8b9	508	Gene3D	G3DSA:6.10.140.2220	-	191	249	1.7E-25	T	06-07-2026	-	-	-	-
g491.t1	ce9799c9222586939743fde44460a53b	274	PANTHER	PTHR47272	DDE_TNP_1_7 DOMAIN-CONTAINING PROTEIN	78	268	6.0E-38	T	06-07-2026	-	-	-	-
g491.t1	ce9799c9222586939743fde44460a53b	274	Pfam	PF13843	Transposase IS4	67	171	2.0E-10	T	06-07-2026	IPR029526	PiggyBac transposable element-derived protein	-	-
g7958.t1	780d81e74593041403564bc8043e15cd	265	PANTHER	PTHR46564	TRANSPOSASE	32	225	7.4E-13	T	06-07-2026	-	-	-	-
g7958.t1	780d81e74593041403564bc8043e15cd	265	SUPERFAMILY	SSF46689	Homeodomain-like	10	117	1.16E-12	T	06-07-2026	IPR009057	Homeodomain-like superfamily	-	Reactome:R-BTA-110330|Reactome:R-BTA-110331|Reactome:R-BTA-1660661|Reactome:R-BTA-171306|Reactome:R-BTA-171319|Reactome:R-BTA-174411|Reactome:R-BTA-174414|Reactome:R-BTA-174417|Reactome:R-BTA-174430|Reactome:R-BTA-174437|Reactome:R-BTA-2559586|Reactome:R-BTA-3371453|Reactome:R-BTA-72163|Reactome:R-BTA-9670095|Reactome:R-BTA-9772755|Reactome:R-CEL-3214842|Reactome:R-CEL-4551638|Reactome:R-CEL-6807505|Reactome:R-CEL-8853884|Reactome:R-CEL-8941855|Reactome:R-CEL-9762293|Reactome:R-CEL-9764725|Reactome:R-CEL-983231|Reactome:R-DDI-5689901|Reactome:R-DDI-6807505|Reactome:R-DDI-72163|Reactome:R-DME-3214815|Reactome:R-DME-3214847|Reactome:R-DME-390193|Reactome:R-DME-5625886|Reactome:R-DME-5689880|Reactome:R-DME-6804759|Reactome:R-DME-6807505|Reactome:R-DME-8853884|Reactome:R-DME-8939245|Reactome:R-DME-8941855|Reactome:R-DME-9018519|Reactome:R-DME-9762293|Reactome:R-DME-9764725|Reactome:R-DME-983231|Reactome:R-DRE-110330|Reactome:R-DRE-110331|Reactome:R-DRE-171319|Reactome:R-DRE-174430|Reactome:R-DRE-174437|Reactome:R-DRE-3371453|Reactome:R-DRE-5689880|Reactome:R-DRE-5689901|Reactome:R-DRE-9762293|Reactome:R-GGA-2173795|Reactome:R-GGA-418124|Reactome:R-HSA-110328|Reactome:R-HSA-110329|Reactome:R-HSA-110330|Reactome:R-HSA-110331|Reactome:R-HSA-111465|Reactome:R-HSA-1221632|Reactome:R-HSA-1251985|Reactome:R-HSA-1362300|Reactome:R-HSA-156711|Reactome:R-HSA-1660661|Reactome:R-HSA-171306|Reactome:R-HSA-171319|Reactome:R-HSA-174411|Reactome:R-HSA-174414|Reactome:R-HSA-174417|Reactome:R-HSA-174430|Reactome:R-HSA-174437|Reactome:R-HSA-1839117|Reactome:R-HSA-1989781|Reactome:R-HSA-2032785|Reactome:R-HSA-210744|Reactome:R-HSA-210745|Reactome:R-HSA-210746|Reactome:R-HSA-210747|Reactome:R-HSA-2122947|Reactome:R-HSA-2151201|Reactome:R-HSA-2173795|Reactome:R-HSA-2173796|Reactome:R-HSA-2559582|Reactome:R-HSA-2559586|Reactome:R-HSA-2644606|Reactome:R-HSA-2892245|Reactome:R-HSA-2892247|Reactome:R-HSA-2894862|Reactome:R-HSA-3214815|Reactome:R-HSA-3214842|Reactome:R-HSA-3214847|Reactome:R-HSA-3214858|Reactome:R-HSA-3232118|Reactome:R-HSA-3371453|Reactome:R-HSA-350054|Reactome:R-HSA-381340|Reactome:R-HSA-381771|Reactome:R-HSA-383280|Reactome:R-HSA-3899300|Reactome:R-HSA-400206|Reactome:R-HSA-400511|Reactome:R-HSA-427389|Reactome:R-HSA-427413|Reactome:R-HSA-452723|Reactome:R-HSA-4551638|Reactome:R-HSA-5250924|Reactome:R-HSA-5578768|Reactome:R-HSA-5601884|Reactome:R-HSA-5617472|Reactome:R-HSA-5625886|Reactome:R-HSA-5655302|Reactome:R-HSA-5689603|Reactome:R-HSA-5689880|Reactome:R-HSA-5689901|Reactome:R-HSA-5693565|Reactome:R-HSA-606279|Reactome:R-HSA-6785807|Reactome:R-HSA-6804758|Reactome:R-HSA-6804759|Reactome:R-HSA-6807505|Reactome:R-HSA-69273|Reactome:R-HSA-72163|Reactome:R-HSA-73762|Reactome:R-HSA-749476|Reactome:R-HSA-76061|Reactome:R-HSA-76066|Reactome:R-HSA-76071|Reactome:R-HSA-8853884|Reactome:R-HSA-8866906|Reactome:R-HSA-8869496|Reactome:R-HSA-8939236|Reactome:R-HSA-8939243|Reactome:R-HSA-8939245|Reactome:R-HSA-8939902|Reactome:R-HSA-8940973|Reactome:R-HSA-8941855|Reactome:R-HSA-8943724|Reactome:R-HSA-9010553|Reactome:R-HSA-9013508|Reactome:R-HSA-9018519|Reactome:R-HSA-9022537|Reactome:R-HSA-9022692|Reactome:R-HSA-9029569|Reactome:R-HSA-9609690|Reactome:R-HSA-9616222|Reactome:R-HSA-9619665|Reactome:R-HSA-9623433|Reactome:R-HSA-9670095|Reactome:R-HSA-9679191|Reactome:R-HSA-9707564|Reactome:R-HSA-9707616|Reactome:R-HSA-9725554|Reactome:R-HSA-9733709|Reactome:R-HSA-9752946|Reactome:R-HSA-9754189|Reactome:R-HSA-9761174|Reactome:R-HSA-9762293|Reactome:R-HSA-9764725|Reactome:R-HSA-9764790|Reactome:R-HSA-9772755|Reactome:R-HSA-9796292|Reactome:R-HSA-9819196|Reactome:R-HSA-9823730|Reactome:R-HSA-9823739|Reactome:R-HSA-9824585|Reactome:R-HSA-9824594|Reactome:R-HSA-9827857|Reactome:R-HSA-9830364|Reactome:R-HSA-9830674|Reactome:R-HSA-9831926|Reactome:R-HSA-983231|Reactome:R-HSA-9832991|Reactome:R-HSA-9834899|Reactome:R-HSA-9841922|Reactome:R-HSA-9843940|Reactome:R-HSA-9844594|Reactome:R-HSA-9845323|Reactome:R-HSA-9856649|Reactome:R-HSA-9918481|Reactome:R-HSA-9925561|Reactome:R-HSA-9925563|Reactome:R-HSA-9926550|Reactome:R-HSA-9931509|Reactome:R-HSA-9933387|Reactome:R-HSA-9933937|Reactome:R-HSA-9933939|Reactome:R-HSA-9933946|Reactome:R-HSA-9933947|Reactome:R-HSA-9934037|Reactome:R-HSA-9937080|Reactome:R-HSA-9938206|Reactome:R-MMU-110330|Reactome:R-MMU-110331|Reactome:R-MMU-111465|Reactome:R-MMU-1660661|Reactome:R-MMU-171319|Reactome:R-MMU-174411|Reactome:R-MMU-174414|Reactome:R-MMU-174417|Reactome:R-MMU-174430|Reactome:R-MMU-174437|Reactome:R-MMU-2173795|Reactome:R-MMU-2559586|Reactome:R-MMU-3214815|Reactome:R-MMU-3214842|Reactome:R-MMU-3214847|Reactome:R-MMU-3214858|Reactome:R-MMU-3232118|Reactome:R-MMU-3371453|Reactome:R-MMU-350054|Reactome:R-MMU-381340|Reactome:R-MMU-383280|Reactome:R-MMU-400206|Reactome:R-MMU-4551638|Reactome:R-MMU-5250924|Reactome:R-MMU-5689603|Reactome:R-MMU-5689901|Reactome:R-MMU-5693565|Reactome:R-MMU-606279|Reactome:R-MMU-6804758|Reactome:R-MMU-6804759|Reactome:R-MMU-6807505|Reactome:R-MMU-69273|Reactome:R-MMU-72163|Reactome:R-MMU-73762|Reactome:R-MMU-76061|Reactome:R-MMU-76066|Reactome:R-MMU-76071|Reactome:R-MMU-8939243|Reactome:R-MMU-8939245|Reactome:R-MMU-8941855|Reactome:R-MMU-8943724|Reactome:R-MMU-9018519|Reactome:R-MMU-9029569|Reactome:R-MMU-9623433|Reactome:R-MMU-9670095|Reactome:R-MMU-9707564|Reactome:R-MMU-9762293|Reactome:R-MMU-9764725|Reactome:R-MMU-9772755|Reactome:R-MMU-983231|Reactome:R-MMU-9841922|Reactome:R-MMU-9933937|Reactome:R-MMU-9933939|Reactome:R-MMU-9933946|Reactome:R-MMU-9933947|Reactome:R-MMU-9934037|Reactome:R-RNO-110330|Reactome:R-RNO-110331|Reactome:R-RNO-171319|Reactome:R-RNO-174411|Reactome:R-RNO-174414|Reactome:R-RNO-174417|Reactome:R-RNO-174430|Reactome:R-RNO-174437|Reactome:R-RNO-2559586|Reactome:R-RNO-3214815|Reactome:R-RNO-3214842|Reactome:R-RNO-3232118|Reactome:R-RNO-3371453|Reactome:R-RNO-5625886|Reactome:R-RNO-6804759|Reactome:R-RNO-6807505|Reactome:R-RNO-72163|Reactome:R-RNO-73762|Reactome:R-RNO-76071|Reactome:R-RNO-8943724|Reactome:R-RNO-9018519|Reactome:R-RNO-9764725|Reactome:R-RNO-9772755|Reactome:R-RNO-983231|Reactome:R-SCE-76061|Reactome:R-SCE-76066|Reactome:R-SPO-72163|Reactome:R-SPO-76061|Reactome:R-SPO-76066|Reactome:R-SPO-9933937|Reactome:R-SPO-9933939|Reactome:R-SPO-9933946|Reactome:R-XTR-110330|Reactome:R-XTR-110331|Reactome:R-XTR-171306|Reactome:R-XTR-171319|Reactome:R-XTR-2559586|Reactome:R-XTR-3371453|Reactome:R-XTR-6807505
g13363.t2	17dff46ac588a39af5f003404bbd45bc	454	Gene3D	G3DSA:3.90.320.10	-	220	435	1.0E-20	T	06-07-2026	IPR011604	PD-(D/E)XK endonuclease-like domain superfamily	-	Reactome:R-BTA-174437|Reactome:R-BTA-5685938|Reactome:R-BTA-5685942|Reactome:R-BTA-5693568|Reactome:R-BTA-5693579|Reactome:R-BTA-5693607|Reactome:R-BTA-5693616|Reactome:R-BTA-6804756|Reactome:R-BTA-69166|Reactome:R-BTA-69473|Reactome:R-HSA-174437|Reactome:R-HSA-5685938|Reactome:R-HSA-5685942|Reactome:R-HSA-5693554|Reactome:R-HSA-5693568|Reactome:R-HSA-5693579|Reactome:R-HSA-5693607|Reactome:R-HSA-5693616|Reactome:R-HSA-6804756|Reactome:R-HSA-69166|Reactome:R-HSA-69473|Reactome:R-HSA-9701192|Reactome:R-HSA-9704331|Reactome:R-HSA-9704646|Reactome:R-HSA-9709570|Reactome:R-HSA-9709603|Reactome:R-HSA-9913635|Reactome:R-MMU-174437|Reactome:R-MMU-5685938|Reactome:R-MMU-5685942|Reactome:R-MMU-5693568|Reactome:R-MMU-5693579|Reactome:R-MMU-5693607|Reactome:R-MMU-5693616|Reactome:R-MMU-6804756|Reactome:R-MMU-69166|Reactome:R-MMU-69473|Reactome:R-RNO-174437|Reactome:R-RNO-5685938|Reactome:R-RNO-5685942|Reactome:R-RNO-5693568|Reactome:R-RNO-5693579|Reactome:R-RNO-5693607|Reactome:R-RNO-5693616|Reactome:R-RNO-6804756|Reactome:R-RNO-69166|Reactome:R-RNO-69473|Reactome:R-SPO-69166
g13363.t2	17dff46ac588a39af5f003404bbd45bc	454	PANTHER	PTHR46609	EXONUCLEASE, PHAGE-TYPE/RECB, C-TERMINAL DOMAIN-CONTAINING PROTEIN	146	439	2.6E-24	T	06-07-2026	IPR051703	NF-kappa-B Signaling Regulator	-	-
g13363.t2	17dff46ac588a39af5f003404bbd45bc	454	SUPERFAMILY	SSF52980	Restriction endonuclease-like	224	425	5.36E-10	T	06-07-2026	IPR011335	Restriction endonuclease type II-like	-	Reactome:R-BTA-5685938|Reactome:R-BTA-5696395|Reactome:R-BTA-5696400|Reactome:R-BTA-6782135|Reactome:R-BTA-6783310|Reactome:R-DDI-5696395|Reactome:R-DDI-6782135|Reactome:R-DME-5696395|Reactome:R-DME-5696400|Reactome:R-DME-6782135|Reactome:R-DRE-5693568|Reactome:R-DRE-6783310|Reactome:R-HSA-5685938|Reactome:R-HSA-5693568|Reactome:R-HSA-5696395|Reactome:R-HSA-5696400|Reactome:R-HSA-6782135|Reactome:R-HSA-6783310|Reactome:R-HSA-9609690|Reactome:R-HSA-9833482|Reactome:R-HSA-9913635|Reactome:R-MMU-5685938|Reactome:R-MMU-5693568|Reactome:R-MMU-5696395|Reactome:R-MMU-5696400|Reactome:R-MMU-6782135|Reactome:R-MMU-6783310|Reactome:R-MMU-9833482|Reactome:R-RNO-5693568|Reactome:R-RNO-6783310|Reactome:R-SCE-5693568|Reactome:R-SCE-6782135|Reactome:R-SPO-5693568|Reactome:R-SPO-5696395|Reactome:R-SPO-5696400|Reactome:R-SPO-6782135|Reactome:R-XTR-5693568
