g19064.t1	Eukaryota	6.35e-83	47.678	uncharacterized protein LOC119078333 [Bradysia coprophila]
g19064.t1	Eukaryota	1.76e-77	43.034	unnamed protein product [Allacma fusca]
g19064.t1	Eukaryota	1.18e-75	44.444	uncharacterized protein LOC110856487 [Folsomia candida]
g19064.t1	Eukaryota	3e-75	40.308	uncharacterized protein LOC118205885 isoform X2 [Stegodyphus dumicola]
g19064.t1	Eukaryota	4.35e-75	40.308	uncharacterized protein LOC118205885 isoform X1 [Stegodyphus dumicola]
g19065.t1	Eukaryota	3.18e-159	91.358	hypothetical protein HA402_006622 [Bradysia odoriphaga]
g19065.t1	Eukaryota	2.17e-156	91.770	uncharacterized protein LOC119067622 [Bradysia coprophila]
g19065.t1	Eukaryota	1.49e-142	83.128	uncharacterized protein LOC119067622 [Bradysia coprophila]
g19065.t1	Eukaryota	1.02e-143	82.305	L-xylulose reductase [Pseudolycoriella hygida]
g19065.t1	Eukaryota	2.84e-96	56.148	unnamed protein product [Orchesella dallaii]
g19065.t1	Eukaryota	3e-96	56.967	unnamed protein product [Orchesella dallaii]
g19066.t1	Eukaryota	1.63e-102	61.633	hypothetical protein HA402_004531 [Bradysia odoriphaga]
g19066.t1	Eukaryota	9.82e-99	59.592	uncharacterized protein YIR042C-like [Bradysia coprophila]
g19066.t1	Bacteria	2.4e-83	54.506	GNAT family N-acetyltransferase [Comamonas odontotermitis]
g19066.t1	Bacteria	5.81e-83	53.247	GNAT family protein [Burkholderia sp.]
g19066.t1	Bacteria	2e-82	54.077	GNAT family N-acetyltransferase [Comamonas odontotermitis]
g19067.t1	Bacteria	3.67e-162	81.685	2,3,4,5-tetrahydropyridine-2,6-dicarboxylate N-succinyltransferase [Candidatus Tisiphia endosymbiont of Nemotelus uliginosus]
g19067.t1	Bacteria	3.62e-160	81.685	2,3,4,5-tetrahydropyridine-2,6-dicarboxylate N-succinyltransferase [Candidatus Tisiphia endosymbiont of Beris chalybata]
g19067.t1	Bacteria	1.11e-150	74.725	2,3,4,5-tetrahydropyridine-2,6-dicarboxylate N-succinyltransferase [Candidatus Tisiphia endosymbiont of Parasteatoda lunata]
g19067.t1	Bacteria	1.54e-150	75.458	2,3,4,5-tetrahydropyridine-2,6-dicarboxylate N-succinyltransferase [Candidatus Tisiphia endosymbiont of Melanophora roralis]
g19067.t1	Bacteria	3.17e-150	75.458	2,3,4,5-tetrahydropyridine-2,6-dicarboxylate N-succinyltransferase [Candidatus Tisiphia endosymbiont of Thecophora atra]
g19068.t1	Bacteria	0.0	79.481	DNA polymerase III subunit beta [Rickettsia endosymbiont of Bryobia graminum]
g19068.t1	Bacteria	0.0	79.481	DNA polymerase III subunit beta [Candidatus Tisiphia endosymbiont of Beris chalybata]
g19068.t1	Bacteria	0.0	78.701	DNA polymerase III subunit beta [Candidatus Tisiphia endosymbiont of Nemotelus uliginosus]
g19068.t1	Eukaryota	0.0	76.302	Beta sliding clamp, partial [Pseudolycoriella hygida]
g19068.t1	unknown	0.0	76.302	MULTISPECIES: DNA polymerase III subunit beta [unclassified Candidatus Tisiphia]
g19069.t1	Bacteria	8.47e-169	80.592	HlyC/CorC family transporter [Candidatus Tisiphia endosymbiont of Beris chalybata]
g19069.t1	Bacteria	7.61e-13	80.000	HlyC/CorC family transporter [Candidatus Tisiphia endosymbiont of Beris chalybata]
g19069.t1	Bacteria	2.49e-165	78.618	HlyC/CorC family transporter [Candidatus Tisiphia endosymbiont of Nemotelus uliginosus]
g19069.t1	Bacteria	9.37e-13	80.000	HlyC/CorC family transporter [Candidatus Tisiphia endosymbiont of Nemotelus uliginosus]
g19069.t1	unknown	7.01e-156	82.625	MULTISPECIES: HlyC/CorC family transporter [unclassified Candidatus Tisiphia]
g19069.t1	unknown	1.32e-09	76.000	MULTISPECIES: HlyC/CorC family transporter [unclassified Candidatus Tisiphia]
g19069.t1	unknown	2.78e-155	83.398	MULTISPECIES: HlyC/CorC family transporter [unclassified Candidatus Tisiphia]
g19069.t1	unknown	3.74e-11	78.000	MULTISPECIES: HlyC/CorC family transporter [unclassified Candidatus Tisiphia]
g19069.t1	Bacteria	3.24e-155	83.398	HlyC/CorC family transporter [Candidatus Tisiphia endosymbiont of Oplodontha viridula]
g19069.t1	Bacteria	3.88e-11	78.000	HlyC/CorC family transporter [Candidatus Tisiphia endosymbiont of Oplodontha viridula]
g19070.t1	Eukaryota	4.89e-06	31.285	hypothetical protein TRIATDRAFT_171853, partial [Trichoderma atroviride IMI 206040]
g19070.t1	Eukaryota	1.06e-05	30.653	uncharacterized protein TrAtP1_011676 [Trichoderma atroviride]
g19070.t1	Bacteria	6.59e-05	38.542	hypothetical protein [Spiroplasma sp. hy2]
g19070.t1	Bacteria	0.002	34.454	ankyrin repeat domain-containing protein [Lachnospiraceae bacterium]
g19070.t1	Bacteria	0.002	44.262	hypothetical protein [Bacillota bacterium]
g19071.t1	Bacteria	1.98e-108	84.659	cell cycle transcriptional regulator TrcR [Candidatus Tisiphia endosymbiont of Beris chalybata]
g19071.t1	Bacteria	3.46e-106	83.523	cell cycle transcriptional regulator TrcR [Candidatus Tisiphia endosymbiont of Nemotelus uliginosus]
g19071.t1	Bacteria	1.97e-101	79.885	cell cycle transcriptional regulator TrcR [Candidatus Tisiphia endosymbiont of Oplodontha viridula]
g19071.t1	unknown	2.05e-101	79.885	MULTISPECIES: cell cycle transcriptional regulator TrcR [unclassified Candidatus Tisiphia]
g19071.t1	unknown	2.38e-101	79.885	DUF1013 domain-containing protein [Rickettsia sp.]
g19072.t1	unknown	1.51e-168	79.061	oxygen-dependent coproporphyrinogen oxidase [Candidatus Tisiphia endosymbiont of Melanophora roralis]
g19072.t1	Bacteria	2.95e-168	78.700	oxygen-dependent coproporphyrinogen oxidase [Candidatus Tisiphia endosymbiont of Psammoecus bipunctatus]
g19072.t1	unknown	3.51e-168	78.700	MULTISPECIES: oxygen-dependent coproporphyrinogen oxidase [unclassified Candidatus Tisiphia]
g19072.t1	Bacteria	4.05e-168	79.422	oxygen-dependent coproporphyrinogen oxidase [Candidatus Tisiphia endosymbiont of Beris chalybata]
g19072.t1	Bacteria	5.78e-168	78.339	oxygen-dependent coproporphyrinogen oxidase [Rickettsia endosymbiont of Gnoriste bilineata]
g19073.t1	Eukaryota	2.97e-162	33.214	ATP synthase gamma chain [Pseudolycoriella hygida]
g19073.t1	Eukaryota	7.74e-123	34.925	ATP synthase gamma chain [Pseudolycoriella hygida]
g19073.t1	Eukaryota	4.78e-104	36.907	ATP synthase gamma chain [Pseudolycoriella hygida]
g19073.t1	Bacteria	7e-116	36.871	hypothetical protein [Candidatus Tisiphia sp.]
g19073.t1	Bacteria	1.01e-83	35.625	hypothetical protein [Candidatus Tisiphia sp.]
g19073.t1	Bacteria	3.02e-95	37.624	hypothetical protein [Wolbachia endosymbiont (group A) of Tiphia femorata]
g19073.t1	Bacteria	1.26e-90	35.759	hypothetical protein [Wolbachia endosymbiont (group A) of Tiphia femorata]
g19073.t1	Bacteria	1.05e-85	34.441	hypothetical protein [Wolbachia endosymbiont (group A) of Tiphia femorata]
g19073.t1	Bacteria	2.28e-78	36.607	hypothetical protein [Wolbachia endosymbiont (group A) of Tiphia femorata]
g19073.t1	Bacteria	1.41e-75	37.011	hypothetical protein [Wolbachia endosymbiont (group A) of Tiphia femorata]
g19073.t1	Bacteria	1.52e-66	32.719	hypothetical protein [Wolbachia endosymbiont (group A) of Tiphia femorata]
g19073.t1	Bacteria	5.15e-53	33.878	hypothetical protein [Wolbachia endosymbiont (group A) of Tiphia femorata]
g19073.t1	Bacteria	2.09e-88	35.494	hypothetical protein [Rickettsia endosymbiont of Culicoides newsteadi]
g19073.t1	Bacteria	6.04e-87	35.362	hypothetical protein [Rickettsia endosymbiont of Culicoides newsteadi]
g19073.t1	Bacteria	3.34e-85	37.072	hypothetical protein [Rickettsia endosymbiont of Culicoides newsteadi]
g19073.t1	Bacteria	1.57e-75	35.000	hypothetical protein [Rickettsia endosymbiont of Culicoides newsteadi]
g19073.t1	Bacteria	1.25e-44	36.649	hypothetical protein [Rickettsia endosymbiont of Culicoides newsteadi]
g19073.t1	Bacteria	1.02e-34	37.460	hypothetical protein [Rickettsia endosymbiont of Culicoides newsteadi]
g19073.t1	Bacteria	1.8e-29	38.793	hypothetical protein [Rickettsia endosymbiont of Culicoides newsteadi]
g19073.t1	Bacteria	8.39e-88	36.600	MAG: hypothetical protein PG978_000730 [Wolbachia endosymbiont of Ctenocephalides felis wCfeF]
g19073.t1	Bacteria	1.28e-81	33.559	MAG: hypothetical protein PG978_000730 [Wolbachia endosymbiont of Ctenocephalides felis wCfeF]
g19073.t1	Bacteria	4.56e-80	36.139	MAG: hypothetical protein PG978_000730 [Wolbachia endosymbiont of Ctenocephalides felis wCfeF]
g19073.t1	Bacteria	5.13e-77	35.658	MAG: hypothetical protein PG978_000730 [Wolbachia endosymbiont of Ctenocephalides felis wCfeF]
g19074.t1	unknown	0.0	94.425	IS481 family transposase [Rickettsia bellii]
g19074.t1	unknown	0.0	94.425	MULTISPECIES: IS481 family transposase [Rickettsia]
g19074.t1	Bacteria	0.0	94.077	IS481 family transposase [Rickettsia endosymbiont of Urophora cardui]
g19074.t1	unknown	0.0	94.077	IS481 family transposase [Rickettsia bellii]
g19074.t1	Bacteria	0.0	94.077	IS481 family transposase [Rickettsia endosymbiont of Urophora cardui]
g19075.t1	Bacteria	6.01e-63	73.288	hypothetical protein [Candidatus Tisiphia endosymbiont of Beris chalybata]
g19075.t1	Bacteria	1.68e-22	62.025	hypothetical protein [Candidatus Tisiphia endosymbiont of Nemotelus uliginosus]
g19075.t1	Bacteria	1.08e-19	77.419	hypothetical protein [Candidatus Tisiphia endosymbiont of Nemotelus uliginosus]
g19075.t1	unknown	1.6	32.692	DNA gyrase subunit A [Clostridiales bacterium]
g19075.t1	Bacteria	2.0	32.692	DNA gyrase C-terminal beta-propeller domain-containing protein [Clostridia bacterium]
g19076.t1	Bacteria	6.72e-71	53.738	trigger factor [Candidatus Tisiphia endosymbiont of Beris chalybata]
g19076.t1	Bacteria	2.58e-70	52.804	trigger factor [Candidatus Tisiphia endosymbiont of Nemotelus uliginosus]
g19076.t1	Bacteria	3.8e-70	51.869	trigger factor [Candidatus Tisiphia sp.]
g19076.t1	Bacteria	4.92e-70	51.869	trigger factor [Rickettsia endosymbiont of Labidopullus appendiculatus]
g19076.t1	Bacteria	6.04e-70	51.869	trigger factor [Rickettsia endosymbiont of Sericostoma sp.]
g19077.t1	Bacteria	5.92e-107	80.769	GNAT family protein [Candidatus Tisiphia endosymbiont of Beris chalybata]
g19077.t1	Bacteria	2.94e-104	79.121	GNAT family N-acetyltransferase [Candidatus Tisiphia endosymbiont of Nemotelus uliginosus]
g19077.t1	Bacteria	5.61e-100	73.481	GNAT family N-acetyltransferase [Rickettsia endosymbiont of Labidopullus appendiculatus]
g19077.t1	unknown	2.78e-99	72.928	MULTISPECIES: GNAT family N-acetyltransferase [unclassified Candidatus Tisiphia]
g19077.t1	Bacteria	2.23e-98	72.376	GNAT family N-acetyltransferase [Rickettsia endosymbiont of Pseudomimeciton antennatum]
g19078.t1	Bacteria	7.46e-21	31.348	ankyrin repeat domain-containing protein [Candidatus Tisiphia endosymbiont of Beris chalybata]
g19078.t1	Eukaryota	2.11e-16	28.406	hypothetical protein BSKO_04794 [Bryopsis sp. KO-2023]
g19078.t1	Eukaryota	2.83e-16	33.921	serine/threonine-protein phosphatase 6 regulatory ankyrin repeat subunit a [Plakobranchus ocellatus]
g19078.t1	Eukaryota	2.45e-13	34.286	serine/threonine-protein phosphatase 6 regulatory ankyrin repeat subunit a [Plakobranchus ocellatus]
g19078.t1	Eukaryota	1.27e-11	40.714	serine/threonine-protein phosphatase 6 regulatory ankyrin repeat subunit a [Plakobranchus ocellatus]
g19078.t1	Eukaryota	1.36e-09	37.419	serine/threonine-protein phosphatase 6 regulatory ankyrin repeat subunit a [Plakobranchus ocellatus]
g19078.t1	Eukaryota	4.63e-07	37.405	serine/threonine-protein phosphatase 6 regulatory ankyrin repeat subunit a [Plakobranchus ocellatus]
g19078.t1	Eukaryota	4.84e-05	32.530	serine/threonine-protein phosphatase 6 regulatory ankyrin repeat subunit a [Plakobranchus ocellatus]
g19078.t1	Eukaryota	0.00039	36.567	serine/threonine-protein phosphatase 6 regulatory ankyrin repeat subunit a [Plakobranchus ocellatus]
g19078.t1	Eukaryota	0.014	33.913	serine/threonine-protein phosphatase 6 regulatory ankyrin repeat subunit a [Plakobranchus ocellatus]
g19078.t1	unknown	3.12e-16	33.333	ankyrin repeat domain-containing protein [Wolbachia endosymbiont of Pentalonia nigronervosa]
g19078.t1	unknown	1.7	29.630	ankyrin repeat domain-containing protein [Wolbachia endosymbiont of Pentalonia nigronervosa]
g19078.t1	Eukaryota	5.02e-16	28.308	unnamed protein product, partial [Porites lobata]
g19078.t1	Eukaryota	1.53e-14	36.842	unnamed protein product, partial [Porites lobata]
g19078.t1	Eukaryota	4.95e-14	39.568	unnamed protein product, partial [Porites lobata]
g19078.t1	Eukaryota	1e-13	28.523	unnamed protein product, partial [Porites lobata]
g19078.t1	Eukaryota	5.87e-11	38.129	unnamed protein product, partial [Porites lobata]
g19078.t1	Eukaryota	6.19e-10	38.971	unnamed protein product, partial [Porites lobata]
g19078.t1	Eukaryota	5.16e-08	35.971	unnamed protein product, partial [Porites lobata]
g19078.t1	Eukaryota	1.24e-07	30.114	unnamed protein product, partial [Porites lobata]
g19078.t1	Eukaryota	2.8e-07	35.260	unnamed protein product, partial [Porites lobata]
g19078.t1	Eukaryota	2.79e-06	32.237	unnamed protein product, partial [Porites lobata]
g19079.t1	Bacteria	5.77e-06	26.705	ankyrin repeat domain-containing protein [Planctomycetaceae bacterium]
g19079.t1	Bacteria	0.004	27.660	ankyrin repeat domain-containing protein [Planctomycetaceae bacterium]
g19079.t1	Eukaryota	7.03e-06	31.724	serine/threonine-protein phosphatase 6 regulatory ankyrin repeat subunit B-like [Anopheles cruzii]
g19079.t1	Eukaryota	0.014	32.231	serine/threonine-protein phosphatase 6 regulatory ankyrin repeat subunit B-like [Anopheles cruzii]
g19079.t1	Eukaryota	0.02	31.250	serine/threonine-protein phosphatase 6 regulatory ankyrin repeat subunit B-like [Anopheles cruzii]
g19079.t1	Eukaryota	0.032	29.771	serine/threonine-protein phosphatase 6 regulatory ankyrin repeat subunit B-like [Anopheles cruzii]
g19079.t1	Eukaryota	0.043	30.000	serine/threonine-protein phosphatase 6 regulatory ankyrin repeat subunit B-like [Anopheles cruzii]
g19079.t1	Eukaryota	2.9	33.333	serine/threonine-protein phosphatase 6 regulatory ankyrin repeat subunit B-like [Anopheles cruzii]
g19079.t1	Eukaryota	2.26e-05	23.669	hypothetical protein QAD02_019864 [Eretmocerus hayati]
g19079.t1	Bacteria	2.51e-05	31.159	ankyrin repeat domain-containing protein [Wolbachia endosymbiont of Folsomia candida]
g19079.t1	Bacteria	0.001	33.333	ankyrin repeat domain-containing protein [Wolbachia endosymbiont of Folsomia candida]
g19079.t1	unclassified entries	3.56e-05	31.061	Chain A, ankyrin repeats [unidentified]
g19079.t1	unclassified entries	0.001	33.333	Chain A, ankyrin repeats [unidentified]
g19080.t1	Bacteria	0.0	78.919	valine--tRNA ligase [Candidatus Tisiphia endosymbiont of Piscicola geometra]
g19080.t1	Bacteria	0.0	78.649	valine--tRNA ligase [Rickettsiaceae bacterium]
g19080.t1	Bacteria	0.0	78.919	MAG: valine--tRNA ligase [Rickettsia endosymbiont of Sergentomyia squamirostris]
g19080.t1	Bacteria	0.0	78.649	valine--tRNA ligase [Candidatus Tisiphia endosymbiont of Metellina segmentata]
g19080.t1	unknown	0.0	78.649	MULTISPECIES: valine--tRNA ligase [unclassified Candidatus Tisiphia]
g19081.t1	Eukaryota	9.09e-69	79.592	Valine--tRNA ligase [Pseudolycoriella hygida]
g19081.t1	Bacteria	2.06e-65	82.812	valine--tRNA ligase [Candidatus Tisiphia endosymbiont of Nemotelus uliginosus]
g19081.t1	Bacteria	1.38e-64	82.031	valine--tRNA ligase [Candidatus Tisiphia endosymbiont of Dascillus cervinus]
g19081.t1	Bacteria	1.51e-64	81.250	valine--tRNA ligase [Rickettsia endosymbiont of Bryobia graminum]
g19081.t1	Bacteria	1.87e-64	81.250	valine--tRNA ligase [Candidatus Tisiphia endosymbiont of Temnostethus pusillus]
g19082.t1	Bacteria	3.88e-134	78.099	LD-carboxypeptidase [Candidatus Tisiphia endosymbiont of Beris chalybata]
g19082.t1	Bacteria	7.01e-133	76.446	LD-carboxypeptidase [Candidatus Tisiphia endosymbiont of Nemotelus uliginosus]
g19082.t1	Bacteria	2.88e-124	71.250	LD-carboxypeptidase [Candidatus Tisiphia endosymbiont of Nedyus quadrimaculatus]
g19082.t1	unknown	1.85e-123	70.833	LD-carboxypeptidase [Candidatus Tisiphia endosymbiont of Dioctria rufipes]
g19082.t1	Bacteria	7.79e-122	70.539	LD-carboxypeptidase [Rickettsiaceae bacterium]
g19083.t1	Bacteria	1.02e-52	76.636	YbaB/EbfC family nucleoid-associated protein [Candidatus Tisiphia endosymbiont of Beris chalybata]
g19083.t1	Bacteria	7.3e-49	75.701	YbaB/EbfC family nucleoid-associated protein [Candidatus Tisiphia endosymbiont of Oplodontha viridula]
g19083.t1	Bacteria	7.3e-49	76.636	YbaB/EbfC family nucleoid-associated protein [Rickettsia endosymbiont of Bryobia graminum]
g19083.t1	unknown	1.96e-48	75.701	MULTISPECIES: YbaB/EbfC family nucleoid-associated protein [unclassified Candidatus Tisiphia]
g19083.t1	unknown	3.18e-48	74.766	MULTISPECIES: YbaB/EbfC family nucleoid-associated protein [Rickettsieae]
g19084.t1	Bacteria	0.0	75.000	NAD(P) transhydrogenase subunit alpha [Rickettsia endosymbiont of Oxypoda opaca]
g19084.t1	unknown	0.0	75.272	MULTISPECIES: NAD(P) transhydrogenase subunit alpha [unclassified Rickettsia]
g19084.t1	Bacteria	0.0	75.272	NAD(P) transhydrogenase subunit alpha [Rickettsia endosymbiont of Orchestes rusci]
g19084.t1	Bacteria	0.0	75.000	NAD(P) transhydrogenase subunit alpha [Rickettsia endosymbiont of Ceutorhynchus assimilis]
g19084.t1	unknown	0.0	70.924	MULTISPECIES: NAD(P) transhydrogenase subunit alpha [unclassified Rickettsia]
g19085.t1	Bacteria	0.0	79.389	acetyl-CoA C-acyltransferase [Candidatus Tisiphia endosymbiont of Beris chalybata]
g19085.t1	unknown	0.0	77.099	acetyl-CoA C-acetyltransferase [Candidatus Tisiphia endosymbiont of Melanophora roralis]
g19085.t1	Bacteria	0.0	76.845	acetyl-CoA C-acetyltransferase [Candidatus Tisiphia endosymbiont of Thecophora atra]
g19085.t1	Bacteria	0.0	76.845	acetyl-CoA C-acetyltransferase [Candidatus Tisiphia endosymbiont of Temnostethus pusillus]
g19085.t1	Bacteria	0.0	76.845	acetyl-CoA C-acetyltransferase [Candidatus Tisiphia sp.]
g19086.t1	Bacteria	0.0	89.024	tRNA guanosine(34) transglycosylase Tgt [Candidatus Tisiphia endosymbiont of Beris chalybata]
g19086.t1	Eukaryota	0.0	87.195	Queuine tRNA-ribosyltransferase [Pseudolycoriella hygida]
g19086.t1	Bacteria	0.0	85.671	tRNA guanosine(34) transglycosylase Tgt [Candidatus Tisiphia endosymbiont of Nemotelus uliginosus]
g19086.t1	Bacteria	0.0	83.537	tRNA guanosine(34) transglycosylase Tgt [Rickettsia endosymbiont of Bryobia graminum]
g19086.t1	Bacteria	0.0	83.792	tRNA guanosine(34) transglycosylase Tgt [Candidatus Tisiphia endosymbiont of Nedyus quadrimaculatus]
g19087.t1	Bacteria	4.11e-27	40.361	hypothetical protein [Candidatus Tisiphia endosymbiont of Nemotelus uliginosus]
g19087.t1	Bacteria	1.33e-11	33.523	hypothetical protein [Candidatus Tisiphia endosymbiont of Beris chalybata]
g19087.t1	Bacteria	2.8	25.243	cytochrome c oxidase subunit II [Dyella sp. M7H15-1]
g19087.t1	Bacteria	3.8	25.455	SDR family NAD(P)-dependent oxidoreductase [Actinomycetota bacterium]
g19087.t1	Bacteria	3.9	29.412	transglycosylase domain-containing protein [Eubacteriales bacterium]
g19088.t1	Bacteria	1.32e-74	88.148	phospho-N-acetylmuramoyl-pentapeptide-transferase [Candidatus Tisiphia endosymbiont of Beris chalybata]
g19088.t1	Bacteria	5.58e-74	88.889	phospho-N-acetylmuramoyl-pentapeptide-transferase [Candidatus Tisiphia endosymbiont of Nemotelus uliginosus]
g19088.t1	Bacteria	8.63e-73	86.567	phospho-N-acetylmuramoyl-pentapeptide-transferase [Candidatus Tisiphia endosymbiont of Dascillus cervinus]
g19088.t1	Bacteria	2.13e-72	87.313	phospho-N-acetylmuramoyl-pentapeptide-transferase [Rickettsia endosymbiont of Oedothorax gibbosus]
g19088.t1	Bacteria	2.32e-72	86.667	phospho-N-acetylmuramoyl-pentapeptide-transferase [Rickettsia endosymbiont of Bryobia graminum]
g19089.t1	Bacteria	0.0	67.974	UDP-N-acetylmuramoyl-tripeptide--D-alanyl-D-alanine ligase [Candidatus Tisiphia endosymbiont of Beris chalybata]
g19089.t1	Bacteria	0.0	66.885	UDP-N-acetylmuramoyl-tripeptide--D-alanyl-D-alanine ligase [Candidatus Tisiphia endosymbiont of Nemotelus uliginosus]
g19089.t1	Eukaryota	0.0	64.537	UDP-N-acetylmuramoyl-tripeptide--D-alanyl-D-alanine ligase, partial [Pseudolycoriella hygida]
g19089.t1	Bacteria	0.0	62.882	UDP-N-acetylmuramoyl-tripeptide--D-alanyl-D-alanine ligase [Rickettsia sp.]
g19089.t1	Bacteria	0.0	62.061	UDP-N-acetylmuramoyl-tripeptide--D-alanyl-D-alanine ligase [Candidatus Tisiphia endosymbiont of Sialis lutaria]
g19090.t1	Bacteria	8.28e-55	67.692	PD-(D/E)XK nuclease family transposase [Candidatus Tisiphia endosymbiont of Thecophora atra]
g19090.t1	Bacteria	3.15e-52	64.925	PD-(D/E)XK nuclease family transposase [Candidatus Tisiphia endosymbiont of Psammoecus bipunctatus]
g19090.t1	Bacteria	1.78e-50	65.217	Rpn family recombination-promoting nuclease/putative transposase [Candidatus Tisiphia endosymbiont of Melanophora roralis]
g19090.t1	Bacteria	1.18e-47	59.589	MAG: hypothetical protein LF884_06860 [Rickettsia endosymbiont of Cimex lectularius]
g19090.t1	Bacteria	1.3e-46	62.319	Rpn family recombination-promoting nuclease/putative transposase [Rickettsia sp.]
g19091.t1	Bacteria	0.0	82.526	F0F1 ATP synthase subunit beta [Candidatus Tisiphia endosymbiont of Beris chalybata]
g19091.t1	Eukaryota	0.0	82.278	ATP synthase subunit beta [Pseudolycoriella hygida]
g19091.t1	Bacteria	0.0	78.870	F0F1 ATP synthase subunit beta [Candidatus Tisiphia endosymbiont of Nemotelus uliginosus]
g19091.t1	Bacteria	0.0	79.455	F0F1 ATP synthase subunit beta [Rickettsia endosymbiont of Bryobia graminum]
g19091.t1	Bacteria	0.0	79.368	F0F1 ATP synthase subunit beta [Candidatus Tisiphia endosymbiont of Melanophora roralis]
g19092.t1	Eukaryota	1.5e-16	46.739	uncharacterized protein LOC124149842 isoform X2 [Haliotis rufescens]
g19092.t1	Eukaryota	3.66e-14	43.478	uncharacterized protein LOC124149842 isoform X2 [Haliotis rufescens]
g19092.t1	Eukaryota	4.41e-14	43.478	uncharacterized protein LOC124149842 isoform X2 [Haliotis rufescens]
g19092.t1	Eukaryota	1.32e-13	45.455	uncharacterized protein LOC124149842 isoform X2 [Haliotis rufescens]
g19092.t1	Eukaryota	1.61e-13	45.349	uncharacterized protein LOC124149842 isoform X2 [Haliotis rufescens]
g19092.t1	Eukaryota	3.54e-13	43.956	uncharacterized protein LOC124149842 isoform X2 [Haliotis rufescens]
g19092.t1	Eukaryota	1.89e-12	44.186	uncharacterized protein LOC124149842 isoform X2 [Haliotis rufescens]
g19092.t1	Eukaryota	2.14e-12	44.318	uncharacterized protein LOC124149842 isoform X2 [Haliotis rufescens]
g19092.t1	Eukaryota	9.3e-12	42.222	uncharacterized protein LOC124149842 isoform X2 [Haliotis rufescens]
g19092.t1	Eukaryota	1.53e-11	43.678	uncharacterized protein LOC124149842 isoform X2 [Haliotis rufescens]
g19092.t1	Eukaryota	4.2e-11	44.444	uncharacterized protein LOC124149842 isoform X2 [Haliotis rufescens]
g19092.t1	Eukaryota	5.63e-11	41.758	uncharacterized protein LOC124149842 isoform X2 [Haliotis rufescens]
g19092.t1	Eukaryota	5.8e-11	40.698	uncharacterized protein LOC124149842 isoform X2 [Haliotis rufescens]
g19092.t1	Eukaryota	6.15e-11	39.130	uncharacterized protein LOC124149842 isoform X2 [Haliotis rufescens]
g19092.t1	Eukaryota	1.38e-10	40.698	uncharacterized protein LOC124149842 isoform X2 [Haliotis rufescens]
g19092.t1	Eukaryota	2.02e-10	40.230	uncharacterized protein LOC124149842 isoform X2 [Haliotis rufescens]
g19092.t1	Eukaryota	1.4e-09	36.667	uncharacterized protein LOC124149842 isoform X2 [Haliotis rufescens]
g19092.t1	Eukaryota	1.63e-09	39.130	uncharacterized protein LOC124149842 isoform X2 [Haliotis rufescens]
g19092.t1	Eukaryota	5.26e-09	41.860	uncharacterized protein LOC124149842 isoform X2 [Haliotis rufescens]
g19092.t1	Eukaryota	8.98e-09	39.535	uncharacterized protein LOC124149842 isoform X2 [Haliotis rufescens]
g19092.t1	Eukaryota	1.1e-08	34.783	uncharacterized protein LOC124149842 isoform X2 [Haliotis rufescens]
g19092.t1	Eukaryota	3.31e-08	38.372	uncharacterized protein LOC124149842 isoform X2 [Haliotis rufescens]
g19092.t1	Eukaryota	0.077	29.670	uncharacterized protein LOC124149842 isoform X2 [Haliotis rufescens]
g19092.t1	Eukaryota	1.55e-16	46.739	uncharacterized protein LOC124149842 isoform X3 [Haliotis rufescens]
g19092.t1	Eukaryota	3.66e-14	43.478	uncharacterized protein LOC124149842 isoform X3 [Haliotis rufescens]
g19092.t1	Eukaryota	4.54e-14	43.478	uncharacterized protein LOC124149842 isoform X3 [Haliotis rufescens]
g19092.t1	Eukaryota	1.38e-13	45.455	uncharacterized protein LOC124149842 isoform X3 [Haliotis rufescens]
g19092.t1	Eukaryota	1.64e-13	45.349	uncharacterized protein LOC124149842 isoform X3 [Haliotis rufescens]
g19092.t1	Eukaryota	1.33e-12	42.391	uncharacterized protein LOC124149842 isoform X3 [Haliotis rufescens]
g19092.t1	Eukaryota	1.92e-12	44.186	uncharacterized protein LOC124149842 isoform X3 [Haliotis rufescens]
g19092.t1	Eukaryota	2.12e-12	42.045	uncharacterized protein LOC124149842 isoform X3 [Haliotis rufescens]
g19092.t1	Eukaryota	2.14e-12	44.318	uncharacterized protein LOC124149842 isoform X3 [Haliotis rufescens]
g19092.t1	Eukaryota	9.3e-12	42.222	uncharacterized protein LOC124149842 isoform X3 [Haliotis rufescens]
g19092.t1	Eukaryota	4.12e-11	44.444	uncharacterized protein LOC124149842 isoform X3 [Haliotis rufescens]
g19092.t1	Eukaryota	5.85e-11	40.698	uncharacterized protein LOC124149842 isoform X3 [Haliotis rufescens]
g19092.t1	Eukaryota	1.38e-10	40.698	uncharacterized protein LOC124149842 isoform X3 [Haliotis rufescens]
g19092.t1	Eukaryota	2.07e-10	40.230	uncharacterized protein LOC124149842 isoform X3 [Haliotis rufescens]
g19092.t1	Eukaryota	1.44e-09	36.667	uncharacterized protein LOC124149842 isoform X3 [Haliotis rufescens]
g19092.t1	Eukaryota	5.41e-09	41.860	uncharacterized protein LOC124149842 isoform X3 [Haliotis rufescens]
g19092.t1	Eukaryota	8.98e-09	39.535	uncharacterized protein LOC124149842 isoform X3 [Haliotis rufescens]
g19092.t1	Eukaryota	1.17e-08	34.783	uncharacterized protein LOC124149842 isoform X3 [Haliotis rufescens]
g19092.t1	Eukaryota	3.28e-08	38.372	uncharacterized protein LOC124149842 isoform X3 [Haliotis rufescens]
g19092.t1	Eukaryota	0.079	29.670	uncharacterized protein LOC124149842 isoform X3 [Haliotis rufescens]
g19092.t1	Eukaryota	1.61e-16	46.739	uncharacterized protein LOC124149842 isoform X1 [Haliotis rufescens]
g19092.t1	Eukaryota	3.85e-14	43.478	uncharacterized protein LOC124149842 isoform X1 [Haliotis rufescens]
g19092.t1	Eukaryota	4.77e-14	43.478	uncharacterized protein LOC124149842 isoform X1 [Haliotis rufescens]
g19092.t1	Eukaryota	1.43e-13	45.455	uncharacterized protein LOC124149842 isoform X1 [Haliotis rufescens]
g19092.t1	Eukaryota	1.69e-13	45.349	uncharacterized protein LOC124149842 isoform X1 [Haliotis rufescens]
g19092.t1	Eukaryota	3.75e-13	43.956	uncharacterized protein LOC124149842 isoform X1 [Haliotis rufescens]
g19092.t1	Eukaryota	1.94e-12	44.186	uncharacterized protein LOC124149842 isoform X1 [Haliotis rufescens]
g19092.t1	Eukaryota	2.21e-12	44.318	uncharacterized protein LOC124149842 isoform X1 [Haliotis rufescens]
g19092.t1	Eukaryota	9.68e-12	42.222	uncharacterized protein LOC124149842 isoform X1 [Haliotis rufescens]
g19092.t1	Eukaryota	1.64e-11	43.678	uncharacterized protein LOC124149842 isoform X1 [Haliotis rufescens]
g19092.t1	Eukaryota	4.38e-11	44.444	uncharacterized protein LOC124149842 isoform X1 [Haliotis rufescens]
g19092.t1	Eukaryota	6.27e-11	41.758	uncharacterized protein LOC124149842 isoform X1 [Haliotis rufescens]
g19092.t1	Eukaryota	6.34e-11	40.698	uncharacterized protein LOC124149842 isoform X1 [Haliotis rufescens]
g19092.t1	Eukaryota	6.59e-11	39.130	uncharacterized protein LOC124149842 isoform X1 [Haliotis rufescens]
g19092.t1	Eukaryota	1.46e-10	40.698	uncharacterized protein LOC124149842 isoform X1 [Haliotis rufescens]
g19092.t1	Eukaryota	2.16e-10	40.230	uncharacterized protein LOC124149842 isoform X1 [Haliotis rufescens]
g19092.t1	Eukaryota	1.54e-09	36.667	uncharacterized protein LOC124149842 isoform X1 [Haliotis rufescens]
g19092.t1	Eukaryota	1.82e-09	39.130	uncharacterized protein LOC124149842 isoform X1 [Haliotis rufescens]
g19092.t1	Eukaryota	5.69e-09	41.860	uncharacterized protein LOC124149842 isoform X1 [Haliotis rufescens]
g19092.t1	Eukaryota	9.63e-09	39.535	uncharacterized protein LOC124149842 isoform X1 [Haliotis rufescens]
g19092.t1	Eukaryota	1.15e-08	34.783	uncharacterized protein LOC124149842 isoform X1 [Haliotis rufescens]
g19092.t1	Eukaryota	3.35e-08	38.372	uncharacterized protein LOC124149842 isoform X1 [Haliotis rufescens]
g19092.t1	Eukaryota	0.079	29.670	uncharacterized protein LOC124149842 isoform X1 [Haliotis rufescens]
g19092.t1	Eukaryota	2.59e-16	46.591	serine/threonine-protein phosphatase 6 regulatory ankyrin repeat subunit C-like [Haliotis rufescens]
g19092.t1	Eukaryota	3.78e-16	44.318	serine/threonine-protein phosphatase 6 regulatory ankyrin repeat subunit C-like [Haliotis rufescens]
g19092.t1	Eukaryota	1.4e-15	45.455	serine/threonine-protein phosphatase 6 regulatory ankyrin repeat subunit C-like [Haliotis rufescens]
g19092.t1	Eukaryota	5.04e-14	44.318	serine/threonine-protein phosphatase 6 regulatory ankyrin repeat subunit C-like [Haliotis rufescens]
g19092.t1	Eukaryota	6.74e-14	43.182	serine/threonine-protein phosphatase 6 regulatory ankyrin repeat subunit C-like [Haliotis rufescens]
g19092.t1	Eukaryota	1.48e-13	40.909	serine/threonine-protein phosphatase 6 regulatory ankyrin repeat subunit C-like [Haliotis rufescens]
g19092.t1	Eukaryota	5.05e-13	40.909	serine/threonine-protein phosphatase 6 regulatory ankyrin repeat subunit C-like [Haliotis rufescens]
g19092.t1	Eukaryota	1.49e-12	37.500	serine/threonine-protein phosphatase 6 regulatory ankyrin repeat subunit C-like [Haliotis rufescens]
g19092.t1	Eukaryota	1.74e-12	40.909	serine/threonine-protein phosphatase 6 regulatory ankyrin repeat subunit C-like [Haliotis rufescens]
g19092.t1	Eukaryota	1.82e-12	44.318	serine/threonine-protein phosphatase 6 regulatory ankyrin repeat subunit C-like [Haliotis rufescens]
g19092.t1	Eukaryota	2.49e-12	38.384	serine/threonine-protein phosphatase 6 regulatory ankyrin repeat subunit C-like [Haliotis rufescens]
g19092.t1	Eukaryota	5.48e-12	40.909	serine/threonine-protein phosphatase 6 regulatory ankyrin repeat subunit C-like [Haliotis rufescens]
g19092.t1	Eukaryota	6.66e-12	39.773	serine/threonine-protein phosphatase 6 regulatory ankyrin repeat subunit C-like [Haliotis rufescens]
g19092.t1	Eukaryota	7.34e-12	42.045	serine/threonine-protein phosphatase 6 regulatory ankyrin repeat subunit C-like [Haliotis rufescens]
g19092.t1	Eukaryota	3.13e-11	39.773	serine/threonine-protein phosphatase 6 regulatory ankyrin repeat subunit C-like [Haliotis rufescens]
g19092.t1	Eukaryota	5.29e-11	39.773	serine/threonine-protein phosphatase 6 regulatory ankyrin repeat subunit C-like [Haliotis rufescens]
g19092.t1	Eukaryota	6.49e-11	44.156	serine/threonine-protein phosphatase 6 regulatory ankyrin repeat subunit C-like [Haliotis rufescens]
g19092.t1	Eukaryota	7.09e-11	41.026	serine/threonine-protein phosphatase 6 regulatory ankyrin repeat subunit C-like [Haliotis rufescens]
g19092.t1	Eukaryota	7.3e-11	36.364	serine/threonine-protein phosphatase 6 regulatory ankyrin repeat subunit C-like [Haliotis rufescens]
g19092.t1	Eukaryota	1.35e-10	37.500	serine/threonine-protein phosphatase 6 regulatory ankyrin repeat subunit C-like [Haliotis rufescens]
g19092.t1	Eukaryota	5.11e-10	38.636	serine/threonine-protein phosphatase 6 regulatory ankyrin repeat subunit C-like [Haliotis rufescens]
g19092.t1	Eukaryota	4.15e-09	39.506	serine/threonine-protein phosphatase 6 regulatory ankyrin repeat subunit C-like [Haliotis rufescens]
g19092.t1	Eukaryota	0.000262	44.681	serine/threonine-protein phosphatase 6 regulatory ankyrin repeat subunit C-like [Haliotis rufescens]
g19092.t1	Eukaryota	0.47	35.593	serine/threonine-protein phosphatase 6 regulatory ankyrin repeat subunit C-like [Haliotis rufescens]
g19092.t1	Archaea	2.66e-16	47.126	ankyrin repeat domain-containing protein [Candidatus Anstonellaceae archaeon]
g19092.t1	Archaea	1.6e-13	49.315	ankyrin repeat domain-containing protein [Candidatus Anstonellaceae archaeon]
g19092.t1	Archaea	0.000145	51.220	ankyrin repeat domain-containing protein [Candidatus Anstonellaceae archaeon]
g19092.t1	Archaea	0.01	41.509	ankyrin repeat domain-containing protein [Candidatus Anstonellaceae archaeon]
g19093.t1	Bacteria	0.0	88.258	F0F1 ATP synthase subunit alpha [Candidatus Tisiphia endosymbiont of Beris chalybata]
g19093.t1	Bacteria	0.0	86.693	F0F1 ATP synthase subunit alpha [Candidatus Tisiphia endosymbiont of Nemotelus uliginosus]
g19093.t1	Bacteria	0.0	83.008	F0F1 ATP synthase subunit alpha [Candidatus Tisiphia endosymbiont of Ptychoptera albimana]
g19093.t1	Bacteria	0.0	83.821	F0F1 ATP synthase subunit alpha [Rickettsia endosymbiont of Bryobia graminum]
g19093.t1	Bacteria	0.0	83.398	F0F1 ATP synthase subunit alpha [Candidatus Tisiphia endosymbiont of Thecophora atra]
g19094.t1	Bacteria	6.93e-109	32.154	ankyrin repeat domain-containing protein [Candidatus Tisiphia endosymbiont of Nemotelus uliginosus]
g19094.t1	Bacteria	4.06e-48	38.127	ankyrin repeat domain-containing protein [Bdellovibrionales bacterium]
g19094.t1	Bacteria	3.35e-40	38.129	ankyrin repeat domain-containing protein [Bdellovibrionales bacterium]
g19094.t1	Bacteria	5.35e-27	40.761	ankyrin repeat domain-containing protein [Bdellovibrionales bacterium]
g19094.t1	Bacteria	2.67e-26	34.155	ankyrin repeat domain-containing protein [Bdellovibrionales bacterium]
g19094.t1	Bacteria	9.38e-20	38.172	ankyrin repeat domain-containing protein [Bdellovibrionales bacterium]
g19094.t1	other entries	5.87e-48	36.527	Chain A, Monoextended DARPin R12 (M_R12) [synthetic construct]
g19094.t1	other entries	4.33e-46	35.127	Chain A, Monoextended DARPin R12 (M_R12) [synthetic construct]
g19094.t1	other entries	8.24e-46	36.538	Chain A, Monoextended DARPin R12 (M_R12) [synthetic construct]
g19094.t1	other entries	3.84e-43	38.163	Chain A, Monoextended DARPin R12 (M_R12) [synthetic construct]
g19094.t1	other entries	2.26e-13	36.424	Chain A, Monoextended DARPin R12 (M_R12) [synthetic construct]
g19094.t1	other entries	7.84e-07	32.414	Chain A, Monoextended DARPin R12 (M_R12) [synthetic construct]
g19094.t1	Archaea	2.68e-47	35.411	ankyrin repeat domain-containing protein [Thermoproteota archaeon]
g19094.t1	Archaea	2.2e-34	35.889	ankyrin repeat domain-containing protein [Thermoproteota archaeon]
g19094.t1	Archaea	1.83e-09	36.567	ankyrin repeat domain-containing protein [Thermoproteota archaeon]
g19094.t1	Archaea	6.72e-05	33.333	ankyrin repeat domain-containing protein [Thermoproteota archaeon]
g19094.t1	Eukaryota	4.97e-47	38.907	hypothetical protein HDU83_007728, partial [Entophlyctis luteolus]
g19094.t1	Eukaryota	4.99e-43	39.051	hypothetical protein HDU83_007728, partial [Entophlyctis luteolus]
g19094.t1	Eukaryota	6.28e-43	36.474	hypothetical protein HDU83_007728, partial [Entophlyctis luteolus]
g19094.t1	Eukaryota	7.92e-42	37.931	hypothetical protein HDU83_007728, partial [Entophlyctis luteolus]
g19094.t1	Eukaryota	1.66e-40	35.714	hypothetical protein HDU83_007728, partial [Entophlyctis luteolus]
g19094.t1	Eukaryota	1.38e-39	38.571	hypothetical protein HDU83_007728, partial [Entophlyctis luteolus]
g19094.t1	Eukaryota	2.26e-38	36.667	hypothetical protein HDU83_007728, partial [Entophlyctis luteolus]
g19094.t1	Eukaryota	3.17e-37	37.638	hypothetical protein HDU83_007728, partial [Entophlyctis luteolus]
g19094.t1	Eukaryota	2.97e-35	38.519	hypothetical protein HDU83_007728, partial [Entophlyctis luteolus]
g19094.t1	Eukaryota	1.88e-24	34.529	hypothetical protein HDU83_007728, partial [Entophlyctis luteolus]
g19094.t1	Eukaryota	5.08e-23	37.198	hypothetical protein HDU83_007728, partial [Entophlyctis luteolus]
g19094.t1	Eukaryota	3.28e-08	30.159	hypothetical protein HDU83_007728, partial [Entophlyctis luteolus]
g19095.t1	Bacteria	1.13e-86	42.564	ankyrin repeat domain-containing protein [Candidatus Tisiphia endosymbiont of Nemotelus uliginosus]
g19095.t1	Bacteria	1.15e-59	34.519	ankyrin repeat domain-containing protein [Rickettsia endosymbiont of Labidopullus appendiculatus]
g19095.t1	Bacteria	2.88e-59	34.426	ankyrin repeat domain-containing protein [Rickettsia endosymbiont of Pseudomimeciton antennatum]
g19095.t1	Bacteria	1.59e-46	34.591	ankyrin repeat domain-containing protein [Rickettsia endosymbiont of Labidopullus appendiculatus]
g19095.t1	Bacteria	6.86e-40	30.023	ankyrin repeat domain-containing protein [Rickettsia endosymbiont of Lasioglossum villosulum]
g19096.t1	Eukaryota	1.12e-59	36.420	uncharacterized protein LOC110674855 [Aedes aegypti]
g19096.t1	Eukaryota	1.55e-59	36.420	uncharacterized protein LOC110674855 [Aedes aegypti]
g19096.t1	Eukaryota	1.95e-59	35.866	uncharacterized protein LOC110674855 [Aedes aegypti]
g19096.t1	Eukaryota	3.66e-59	36.196	uncharacterized protein LOC110674855 [Aedes aegypti]
g19096.t1	Eukaryota	1.11e-58	36.420	uncharacterized protein LOC110674855 [Aedes aegypti]
g19096.t1	Eukaryota	4.25e-57	36.533	uncharacterized protein LOC110674855 [Aedes aegypti]
g19096.t1	Eukaryota	9.3e-57	36.585	uncharacterized protein LOC110674855 [Aedes aegypti]
g19096.t1	Eukaryota	1.57e-56	34.954	uncharacterized protein LOC110674855 [Aedes aegypti]
g19096.t1	Eukaryota	2.11e-56	34.862	uncharacterized protein LOC110674855 [Aedes aegypti]
g19096.t1	Eukaryota	8.84e-56	34.954	uncharacterized protein LOC110674855 [Aedes aegypti]
g19096.t1	Eukaryota	2.55e-55	35.474	uncharacterized protein LOC110674855 [Aedes aegypti]
g19096.t1	Eukaryota	9.78e-55	35.714	uncharacterized protein LOC110674855 [Aedes aegypti]
g19096.t1	Eukaryota	1.22e-54	34.557	uncharacterized protein LOC110674855 [Aedes aegypti]
g19096.t1	Eukaryota	2.38e-53	38.545	uncharacterized protein LOC110674855 [Aedes aegypti]
g19096.t1	Eukaryota	8.34e-46	38.057	uncharacterized protein LOC110674855 [Aedes aegypti]
g19096.t1	Eukaryota	6.49e-43	35.816	uncharacterized protein LOC110674855 [Aedes aegypti]
g19096.t1	Eukaryota	2.05e-29	34.686	uncharacterized protein LOC110674855 [Aedes aegypti]
g19096.t1	Eukaryota	1.49e-19	36.025	uncharacterized protein LOC110674855 [Aedes aegypti]
g19096.t1	Eukaryota	1.86e-59	36.890	AAEL014742-PA, partial [Aedes aegypti]
g19096.t1	Eukaryota	5.55e-58	35.976	AAEL014742-PA, partial [Aedes aegypti]
g19096.t1	Eukaryota	1.25e-56	35.398	AAEL014742-PA, partial [Aedes aegypti]
g19096.t1	Eukaryota	1.67e-54	36.039	AAEL014742-PA, partial [Aedes aegypti]
g19096.t1	Eukaryota	2.66e-54	35.562	AAEL014742-PA, partial [Aedes aegypti]
g19096.t1	Eukaryota	1.17e-53	34.513	AAEL014742-PA, partial [Aedes aegypti]
g19096.t1	Eukaryota	5.78e-53	34.513	AAEL014742-PA, partial [Aedes aegypti]
g19096.t1	Eukaryota	1.06e-52	34.462	AAEL014742-PA, partial [Aedes aegypti]
g19096.t1	Eukaryota	1.22e-52	35.714	AAEL014742-PA, partial [Aedes aegypti]
g19096.t1	Eukaryota	6.84e-48	36.140	AAEL014742-PA, partial [Aedes aegypti]
g19096.t1	Eukaryota	2.25e-58	36.086	uncharacterized protein LOC110674851 isoform X3 [Aedes aegypti]
g19096.t1	Eukaryota	1.25e-57	35.780	uncharacterized protein LOC110674851 isoform X3 [Aedes aegypti]
g19096.t1	Eukaryota	1.65e-57	36.391	uncharacterized protein LOC110674851 isoform X3 [Aedes aegypti]
g19096.t1	Eukaryota	1.4e-56	35.802	uncharacterized protein LOC110674851 isoform X3 [Aedes aegypti]
g19096.t1	Eukaryota	2.56e-56	37.423	uncharacterized protein LOC110674851 isoform X3 [Aedes aegypti]
g19096.t1	Eukaryota	6.58e-56	35.168	uncharacterized protein LOC110674851 isoform X3 [Aedes aegypti]
g19096.t1	Eukaryota	1.2e-55	35.168	uncharacterized protein LOC110674851 isoform X3 [Aedes aegypti]
g19096.t1	Eukaryota	3.77e-55	35.168	uncharacterized protein LOC110674851 isoform X3 [Aedes aegypti]
g19096.t1	Eukaryota	4.03e-55	35.987	uncharacterized protein LOC110674851 isoform X3 [Aedes aegypti]
g19096.t1	Eukaryota	5.44e-54	36.697	uncharacterized protein LOC110674851 isoform X3 [Aedes aegypti]
g19096.t1	Eukaryota	6.77e-54	35.976	uncharacterized protein LOC110674851 isoform X3 [Aedes aegypti]
g19096.t1	Eukaryota	2.44e-51	35.671	uncharacterized protein LOC110674851 isoform X3 [Aedes aegypti]
g19096.t1	Eukaryota	2.85e-51	37.324	uncharacterized protein LOC110674851 isoform X3 [Aedes aegypti]
g19096.t1	Eukaryota	4.76e-51	35.072	uncharacterized protein LOC110674851 isoform X3 [Aedes aegypti]
g19096.t1	Eukaryota	1.34e-39	33.922	uncharacterized protein LOC110674851 isoform X3 [Aedes aegypti]
g19096.t1	Eukaryota	2.09e-34	36.652	uncharacterized protein LOC110674851 isoform X3 [Aedes aegypti]
g19096.t1	Eukaryota	1.08e-29	32.922	uncharacterized protein LOC110674851 isoform X3 [Aedes aegypti]
g19096.t1	Eukaryota	3.27e-24	33.641	uncharacterized protein LOC110674851 isoform X3 [Aedes aegypti]
g19096.t1	Eukaryota	2.35e-14	33.333	uncharacterized protein LOC110674851 isoform X3 [Aedes aegypti]
g19096.t1	Eukaryota	3.02e-58	36.086	uncharacterized protein LOC110674851 isoform X2 [Aedes aegypti]
g19096.t1	Eukaryota	4.42e-57	35.780	uncharacterized protein LOC110674851 isoform X2 [Aedes aegypti]
g19096.t1	Eukaryota	6.23e-57	35.168	uncharacterized protein LOC110674851 isoform X2 [Aedes aegypti]
g19096.t1	Eukaryota	7.83e-57	35.780	uncharacterized protein LOC110674851 isoform X2 [Aedes aegypti]
g19096.t1	Eukaryota	3.44e-56	37.423	uncharacterized protein LOC110674851 isoform X2 [Aedes aegypti]
g19096.t1	Eukaryota	7.81e-56	35.474	uncharacterized protein LOC110674851 isoform X2 [Aedes aegypti]
g19096.t1	Eukaryota	1.48e-55	35.976	uncharacterized protein LOC110674851 isoform X2 [Aedes aegypti]
g19096.t1	Eukaryota	5.47e-55	35.987	uncharacterized protein LOC110674851 isoform X2 [Aedes aegypti]
g19096.t1	Eukaryota	7.31e-54	36.697	uncharacterized protein LOC110674851 isoform X2 [Aedes aegypti]
g19096.t1	Eukaryota	8.93e-54	35.976	uncharacterized protein LOC110674851 isoform X2 [Aedes aegypti]
g19096.t1	Eukaryota	3.01e-51	35.671	uncharacterized protein LOC110674851 isoform X2 [Aedes aegypti]
g19096.t1	Eukaryota	3.82e-51	37.324	uncharacterized protein LOC110674851 isoform X2 [Aedes aegypti]
g19096.t1	Eukaryota	5.98e-51	35.072	uncharacterized protein LOC110674851 isoform X2 [Aedes aegypti]
g19096.t1	Eukaryota	1.66e-39	33.922	uncharacterized protein LOC110674851 isoform X2 [Aedes aegypti]
g19096.t1	Eukaryota	2.67e-34	36.652	uncharacterized protein LOC110674851 isoform X2 [Aedes aegypti]
g19096.t1	Eukaryota	1.29e-29	32.922	uncharacterized protein LOC110674851 isoform X2 [Aedes aegypti]
g19096.t1	Eukaryota	3.62e-24	33.641	uncharacterized protein LOC110674851 isoform X2 [Aedes aegypti]
g19096.t1	Eukaryota	2.55e-14	33.333	uncharacterized protein LOC110674851 isoform X2 [Aedes aegypti]
g19096.t1	Eukaryota	3.28e-58	36.086	uncharacterized protein LOC110674851 isoform X1 [Aedes aegypti]
g19096.t1	Eukaryota	5.54e-58	36.391	uncharacterized protein LOC110674851 isoform X1 [Aedes aegypti]
g19096.t1	Eukaryota	1.9e-57	35.780	uncharacterized protein LOC110674851 isoform X1 [Aedes aegypti]
g19096.t1	Eukaryota	3.21e-57	35.474	uncharacterized protein LOC110674851 isoform X1 [Aedes aegypti]
g19096.t1	Eukaryota	2.01e-56	35.802	uncharacterized protein LOC110674851 isoform X1 [Aedes aegypti]
g19096.t1	Eukaryota	3.77e-56	37.423	uncharacterized protein LOC110674851 isoform X1 [Aedes aegypti]
g19096.t1	Eukaryota	8.23e-56	35.474	uncharacterized protein LOC110674851 isoform X1 [Aedes aegypti]
g19096.t1	Eukaryota	1.58e-55	35.976	uncharacterized protein LOC110674851 isoform X1 [Aedes aegypti]
g19096.t1	Eukaryota	1.8e-55	35.168	uncharacterized protein LOC110674851 isoform X1 [Aedes aegypti]
g19096.t1	Eukaryota	5.71e-55	35.168	uncharacterized protein LOC110674851 isoform X1 [Aedes aegypti]
g19096.t1	Eukaryota	6.1e-55	35.987	uncharacterized protein LOC110674851 isoform X1 [Aedes aegypti]
g19096.t1	Eukaryota	7.71e-54	36.697	uncharacterized protein LOC110674851 isoform X1 [Aedes aegypti]
g19096.t1	Eukaryota	9.42e-54	35.976	uncharacterized protein LOC110674851 isoform X1 [Aedes aegypti]
g19096.t1	Eukaryota	3.46e-51	35.671	uncharacterized protein LOC110674851 isoform X1 [Aedes aegypti]
g19096.t1	Eukaryota	4.15e-51	37.324	uncharacterized protein LOC110674851 isoform X1 [Aedes aegypti]
g19096.t1	Eukaryota	6.42e-51	35.072	uncharacterized protein LOC110674851 isoform X1 [Aedes aegypti]
g19096.t1	Eukaryota	1.86e-39	33.922	uncharacterized protein LOC110674851 isoform X1 [Aedes aegypti]
g19096.t1	Eukaryota	2.89e-34	36.652	uncharacterized protein LOC110674851 isoform X1 [Aedes aegypti]
g19096.t1	Eukaryota	1.4e-29	32.922	uncharacterized protein LOC110674851 isoform X1 [Aedes aegypti]
g19096.t1	Eukaryota	3.91e-24	33.641	uncharacterized protein LOC110674851 isoform X1 [Aedes aegypti]
g19096.t1	Eukaryota	2.68e-14	33.333	uncharacterized protein LOC110674851 isoform X1 [Aedes aegypti]
g19097.t1	Bacteria	2.57e-92	43.750	ankyrin repeat domain-containing protein [Candidatus Tisiphia endosymbiont of Nemotelus uliginosus]
g19097.t1	Bacteria	9.7e-07	40.000	ankyrin repeat domain-containing protein [Candidatus Tisiphia endosymbiont of Nemotelus uliginosus]
g19097.t1	Bacteria	3.3	35.211	ankyrin repeat domain-containing protein [Candidatus Tisiphia endosymbiont of Nemotelus uliginosus]
g19097.t1	Bacteria	3.76e-57	32.967	ankyrin repeat domain-containing protein [Rickettsia endosymbiont of Labidopullus appendiculatus]
g19097.t1	Bacteria	1.89e-54	30.723	ankyrin repeat domain-containing protein [Rickettsia endosymbiont of Pseudomimeciton antennatum]
g19097.t1	unknown	1.21e-48	29.705	ankyrin repeat domain-containing protein [Rickettsia bellii]
g19097.t1	unknown	3.59e-08	31.383	ankyrin repeat domain-containing protein [Rickettsia bellii]
g19097.t1	unknown	1.32e-48	29.705	ankyrin repeat domain-containing protein [Rickettsia bellii]
g19097.t1	unknown	3.56e-08	31.383	ankyrin repeat domain-containing protein [Rickettsia bellii]
g19098.t1	Bacteria	0.0	89.291	RNA polymerase sigma factor RpoD [Candidatus Tisiphia endosymbiont of Nemotelus uliginosus]
g19098.t1	Bacteria	0.0	89.449	RNA polymerase sigma factor RpoD [Candidatus Tisiphia endosymbiont of Beris chalybata]
g19098.t1	Eukaryota	0.0	87.855	RNA polymerase sigma factor RpoD [Pseudolycoriella hygida]
g19098.t1	Bacteria	0.0	81.329	MAG: RNA polymerase sigma factor RpoD [Rickettsia endosymbiont of Culicoides impunctatus]
g19098.t1	unknown	0.0	81.171	MULTISPECIES: RNA polymerase sigma factor RpoD [unclassified Candidatus Tisiphia]
g19099.t1	Bacteria	9.44e-103	93.168	transcription elongation factor GreA [Candidatus Tisiphia endosymbiont of Beris chalybata]
g19099.t1	unknown	1.45e-101	93.082	transcription elongation factor GreA [Rickettsia endosymbiont of Platyusa sonomae]
g19099.t1	Bacteria	2.81e-101	92.453	transcription elongation factor GreA [Candidatus Tisiphia endosymbiont of Sialis lutaria]
g19099.t1	Bacteria	1.68e-100	91.195	transcription elongation factor GreA [Rickettsia sp.]
g19099.t1	unknown	2.69e-100	91.195	MULTISPECIES: transcription elongation factor GreA [Rickettsieae]
g19100.t1	Bacteria	7.52e-121	75.576	ribulose-phosphate 3-epimerase [Candidatus Tisiphia endosymbiont of Beris chalybata]
g19100.t1	Bacteria	3.15e-115	75.463	ribulose-phosphate 3-epimerase [Candidatus Tisiphia endosymbiont of Nemotelus uliginosus]
g19100.t1	Bacteria	6.23e-113	71.759	ribulose-phosphate 3-epimerase [Rickettsia endosymbiont of Bryobia graminum]
g19100.t1	Bacteria	2.48e-106	70.423	ribulose-phosphate 3-epimerase [Candidatus Tisiphia endosymbiont of Temnostethus pusillus]
g19100.t1	Bacteria	2.65e-106	69.953	ribulose-phosphate 3-epimerase [Candidatus Tisiphia endosymbiont of Parasteatoda lunata]
g19101.t1	Bacteria	2.71e-65	79.508	RluA family pseudouridine synthase [Rickettsia endosymbiont of Labidopullus appendiculatus]
g19101.t1	Eukaryota	2.94e-65	85.950	Bifunctional methyltransferase, partial [Pseudolycoriella hygida]
g19101.t1	Eukaryota	4.75e-07	60.000	Bifunctional methyltransferase, partial [Pseudolycoriella hygida]
g19101.t1	Bacteria	2.99e-65	79.508	RluA family pseudouridine synthase [Candidatus Tisiphia endosymbiont of Nemotelus uliginosus]
g19101.t1	Bacteria	3.48e-65	79.508	RluA family pseudouridine synthase [Rickettsia endosymbiont of Sericostoma sp. HW-2014]
g19101.t1	Bacteria	3.48e-65	79.508	RluA family pseudouridine synthase [Rickettsia endosymbiont of Sericostoma sp.]
g19102.t1	Bacteria	0.0	89.848	succinate dehydrogenase flavoprotein subunit [Candidatus Tisiphia endosymbiont of Beris chalybata]
g19102.t1	Bacteria	0.0	88.423	succinate dehydrogenase flavoprotein subunit [Candidatus Tisiphia endosymbiont of Metellina segmentata]
g19102.t1	Bacteria	0.0	88.255	succinate dehydrogenase flavoprotein subunit [Rickettsiaceae bacterium]
g19102.t1	Bacteria	0.0	87.584	succinate dehydrogenase flavoprotein subunit [Rickettsia endosymbiont of Pseudomimeciton antennatum]
g19102.t1	Bacteria	0.0	88.047	succinate dehydrogenase flavoprotein subunit [Candidatus Tisiphia endosymbiont of Xenochironomus xenolabis]
g19103.t1	unknown	0.0	93.132	IS481 family transposase [Rickettsia bellii]
g19103.t1	unknown	0.0	92.857	IS481 family transposase [Rickettsia bellii]
g19103.t1	Bacteria	0.0	92.582	IS481 family transposase [Rickettsia endosymbiont of Urophora cardui]
g19103.t1	Bacteria	0.0	92.582	IS481 family transposase [Rickettsia endosymbiont of Urophora cardui]
g19103.t1	Bacteria	0.0	92.582	IS481 family transposase [Rickettsia endosymbiont of Urophora cardui]
g19104.t1	Bacteria	4.91e-160	93.191	MAG: IS256 family transposase [Rickettsia endosymbiont of Nesidiocoris tenuis]
g19104.t1	Bacteria	7.71e-160	93.191	MAG: IS256 family transposase [Rickettsia endosymbiont of Nesidiocoris tenuis]
g19104.t1	Bacteria	9.29e-160	93.191	MAG: IS256 family transposase [Rickettsia endosymbiont of Nesidiocoris tenuis]
g19104.t1	Bacteria	1.34e-159	93.191	MAG: IS256 family transposase [Rickettsia endosymbiont of Nesidiocoris tenuis]
g19104.t1	Bacteria	3.81e-159	91.489	MAG: hypothetical protein RNTEN_00990 [Rickettsia endosymbiont of Nesidiocoris tenuis]
g19105.t1	Bacteria	0.0	87.685	AAA family ATPase [Candidatus Tisiphia endosymbiont of Beris chalybata]
g19105.t1	Bacteria	0.0	84.401	AAA family ATPase [Candidatus Tisiphia endosymbiont of Nemotelus uliginosus]
g19105.t1	Bacteria	0.0	83.333	AAA family ATPase [Candidatus Tisiphia endosymbiont of Nemotelus uliginosus]
g19105.t1	Bacteria	0.0	79.475	AAA family ATPase [Candidatus Tisiphia endosymbiont of Beris chalybata]
g19105.t1	Bacteria	0.0	76.307	AAA family ATPase [Candidatus Tisiphia endosymbiont of Nemotelus uliginosus]
g19106.t1	Bacteria	0.0	86.905	AAA family ATPase [Candidatus Tisiphia endosymbiont of Nemotelus uliginosus]
g19106.t1	Bacteria	0.0	85.374	AAA family ATPase [Candidatus Tisiphia endosymbiont of Beris chalybata]
g19106.t1	Bacteria	0.0	82.403	AAA family ATPase [Candidatus Tisiphia endosymbiont of Nemotelus uliginosus]
g19106.t1	Bacteria	0.0	79.188	AAA family ATPase [Candidatus Tisiphia endosymbiont of Nemotelus uliginosus]
g19106.t1	Bacteria	0.0	78.061	AAA family ATPase [Candidatus Tisiphia endosymbiont of Beris chalybata]
g19107.t1	Bacteria	5.07e-46	76.190	sensor histidine kinase [Candidatus Tisiphia endosymbiont of Beris chalybata]
g19107.t1	Bacteria	3.32e-45	76.190	sensor histidine kinase [Candidatus Tisiphia endosymbiont of Beris chalybata]
g19107.t1	Bacteria	1.9e-34	66.667	sensor histidine kinase [Candidatus Tisiphia endosymbiont of Nemotelus uliginosus]
g19107.t1	Bacteria	1.92e-34	65.657	sensor histidine kinase [Candidatus Tisiphia endosymbiont of Nemotelus uliginosus]
g19107.t1	Bacteria	1.26e-27	65.979	sensor histidine kinase [Candidatus Tisiphia endosymbiont of Beris chalybata]
g19108.t1	Bacteria	0.0	85.617	tetratricopeptide repeat protein [Candidatus Tisiphia endosymbiont of Nemotelus uliginosus]
g19108.t1	Bacteria	0.0	76.934	hypothetical protein REISMN_05260 [Rickettsia tamurae subsp. buchneri]
g19108.t1	unknown	0.0	76.934	tetratricopeptide repeat protein [Rickettsia tamurae]
g19108.t1	unknown	0.0	76.808	tetratricopeptide repeat protein [Rickettsia tamurae]
g19108.t1	Bacteria	0.0	76.816	tetratricopeptide repeat protein [Rickettsia endosymbiont of Ixodes scapularis]
g19109.t1	unknown	3.9e-102	59.072	ISKra4 family transposase [Legionella sp. PATHC039]
g19109.t1	unknown	5.6e-102	61.638	MULTISPECIES: ISKra4 family transposase [Cysteiniphilum]
g19109.t1	Bacteria	5.75e-102	59.072	ISKra4 family transposase [Legionella pneumophila]
g19109.t1	Bacteria	7.5e-102	59.494	ISKra4 family transposase [Legionella pneumophila subsp. pneumophila]
g19109.t1	Bacteria	2.06e-101	59.494	ISKra4 family transposase [Legionella sp. MW5194]
g19110.t1	Bacteria	0.0	93.132	IS481 family transposase [Rickettsia endosymbiont of Urophora cardui]
g19110.t1	Bacteria	0.0	93.132	IS481 family transposase [Rickettsia endosymbiont of Urophora cardui]
g19110.t1	Bacteria	0.0	93.132	IS481 family transposase [Rickettsia endosymbiont of Urophora cardui]
g19110.t1	unknown	0.0	92.857	IS481 family transposase [Rickettsia bellii]
g19110.t1	Bacteria	0.0	92.857	IS481 family transposase [Rickettsia endosymbiont of Urophora cardui]
g19111.t1	unknown	0.0	72.638	tetratricopeptide repeat protein [Rickettsia tamurae]
g19111.t1	Bacteria	0.0	72.571	hypothetical protein REISMN_05260 [Rickettsia tamurae subsp. buchneri]
g19111.t1	unknown	0.0	71.791	MULTISPECIES: hypothetical protein [spotted fever group]
g19111.t1	unknown	0.0	72.557	tetratricopeptide repeat protein [Rickettsia tamurae]
g19111.t1	Bacteria	0.0	73.049	tetratricopeptide repeat protein [Rickettsia endosymbiont of Ixodes scapularis]
g19112.t1	Bacteria	0.0	85.374	AAA family ATPase [Candidatus Tisiphia endosymbiont of Beris chalybata]
g19112.t1	Bacteria	0.0	75.000	AAA family ATPase [Candidatus Tisiphia endosymbiont of Sialis lutaria]
g19112.t1	Bacteria	0.0	75.127	AAA family ATPase [Candidatus Tisiphia endosymbiont of Nemotelus uliginosus]
g19112.t1	Bacteria	0.0	75.000	AAA family ATPase [Candidatus Tisiphia endosymbiont of Nemotelus uliginosus]
g19112.t1	Bacteria	0.0	76.020	AAA family ATPase [Candidatus Tisiphia endosymbiont of Beris chalybata]
g19113.t1	unknown	0.0	56.706	ISKra4 family transposase [Legionella sp. PATHC039]
g19113.t1	Bacteria	0.0	56.941	ISKra4 family transposase [Legionella pneumophila subsp. pneumophila]
g19113.t1	Bacteria	0.0	56.941	ISKra4 family transposase [Legionella sp. MW5194]
g19113.t1	Bacteria	0.0	56.471	ISKra4 family transposase [Legionella jordanis]
g19113.t1	unknown	0.0	56.706	MULTISPECIES: ISKra4 family transposase [Legionella]
g19114.t1	Bacteria	9.17e-92	60.241	ankyrin repeat domain-containing protein [Candidatus Tisiphia endosymbiont of Beris chalybata]
g19114.t1	Bacteria	1.3e-06	29.348	ankyrin repeat domain-containing protein [Candidatus Tisiphia endosymbiont of Beris chalybata]
g19114.t1	Eukaryota	5.42e-31	37.607	hypothetical protein MVEN_00371600 [Mycena venus]
g19114.t1	Eukaryota	1.22e-27	37.179	hypothetical protein MVEN_00371600 [Mycena venus]
g19114.t1	Eukaryota	4.89e-27	35.294	hypothetical protein MVEN_00371600 [Mycena venus]
g19114.t1	Eukaryota	7.18e-27	37.607	hypothetical protein MVEN_00371600 [Mycena venus]
g19114.t1	Eukaryota	2.98e-26	36.752	hypothetical protein MVEN_00371600 [Mycena venus]
g19114.t1	Eukaryota	4.77e-26	35.622	hypothetical protein MVEN_00371600 [Mycena venus]
g19114.t1	Eukaryota	2.44e-25	36.752	hypothetical protein MVEN_00371600 [Mycena venus]
g19114.t1	Eukaryota	2.51e-24	35.897	hypothetical protein MVEN_00371600 [Mycena venus]
g19114.t1	Eukaryota	4.61e-23	35.897	hypothetical protein MVEN_00371600 [Mycena venus]
g19114.t1	Eukaryota	2.45e-22	36.134	hypothetical protein MVEN_00371600 [Mycena venus]
g19114.t1	Eukaryota	1.95e-21	35.747	hypothetical protein MVEN_00371600 [Mycena venus]
g19114.t1	Eukaryota	5.83e-12	34.104	hypothetical protein MVEN_00371600 [Mycena venus]
g19114.t1	Eukaryota	6.08e-09	34.058	hypothetical protein MVEN_00371600 [Mycena venus]
g19114.t1	Archaea	9.56e-30	35.950	ankyrin repeat domain-containing protein [Acidilobus sp.]
g19114.t1	Archaea	4.67e-27	35.745	ankyrin repeat domain-containing protein [Acidilobus sp.]
g19114.t1	Archaea	1.08e-21	34.884	ankyrin repeat domain-containing protein [Acidilobus sp.]
g19114.t1	Archaea	2.6e-17	34.810	ankyrin repeat domain-containing protein [Acidilobus sp.]
g19114.t1	Archaea	3.94e-09	35.333	ankyrin repeat domain-containing protein [Acidilobus sp.]
g19114.t1	Archaea	0.049	30.400	ankyrin repeat domain-containing protein [Acidilobus sp.]
g19114.t1	Archaea	1.36e-28	34.016	ankyrin repeat domain-containing protein [Thermoproteus sp.]
g19114.t1	Archaea	7.89e-28	35.652	ankyrin repeat domain-containing protein [Thermoproteus sp.]
g19114.t1	Archaea	5.77e-27	33.466	ankyrin repeat domain-containing protein [Thermoproteus sp.]
g19114.t1	Archaea	8.8e-26	33.473	ankyrin repeat domain-containing protein [Thermoproteus sp.]
g19114.t1	Archaea	3.2e-25	35.443	ankyrin repeat domain-containing protein [Thermoproteus sp.]
g19114.t1	Archaea	3.07e-24	34.188	ankyrin repeat domain-containing protein [Thermoproteus sp.]
g19114.t1	Archaea	8.53e-24	34.615	ankyrin repeat domain-containing protein [Thermoproteus sp.]
g19114.t1	Archaea	3.34e-23	32.489	ankyrin repeat domain-containing protein [Thermoproteus sp.]
g19114.t1	Archaea	1.7e-22	31.646	ankyrin repeat domain-containing protein [Thermoproteus sp.]
g19114.t1	Archaea	2.23e-22	33.585	ankyrin repeat domain-containing protein [Thermoproteus sp.]
g19114.t1	Archaea	1.43e-20	33.621	ankyrin repeat domain-containing protein [Thermoproteus sp.]
g19114.t1	Archaea	3.4e-20	32.068	ankyrin repeat domain-containing protein [Thermoproteus sp.]
g19114.t1	Archaea	3.4e-20	33.766	ankyrin repeat domain-containing protein [Thermoproteus sp.]
g19114.t1	Archaea	1.09e-18	35.465	ankyrin repeat domain-containing protein [Thermoproteus sp.]
g19114.t1	Archaea	2.71e-28	37.089	ankyrin repeat domain-containing protein, partial [Candidatus Methanodesulfokora washburnensis]
g19114.t1	Archaea	5.35e-05	29.333	ankyrin repeat domain-containing protein, partial [Candidatus Methanodesulfokora washburnensis]
g19115.t1	Bacteria	2.11e-115	36.223	leucine-rich repeat domain-containing protein [Candidatus Tisiphia endosymbiont of Temnostethus pusillus]
g19115.t1	Bacteria	2.07e-10	37.566	leucine-rich repeat domain-containing protein [Candidatus Tisiphia endosymbiont of Temnostethus pusillus]
g19115.t1	unknown	1.73e-111	33.636	leucine-rich repeat domain-containing protein [Wolbachia endosymbiont of Armadillidium vulgare]
g19115.t1	unknown	2.69e-18	39.610	leucine-rich repeat domain-containing protein [Wolbachia endosymbiont of Armadillidium vulgare]
g19115.t1	Bacteria	2.3e-111	33.636	leucine Rich repeat conatining protein [Wolbachia endosymbiont of Armadillidium vulgare str. wVulC]
g19115.t1	Bacteria	1.84e-18	41.497	leucine Rich repeat conatining protein [Wolbachia endosymbiont of Armadillidium vulgare str. wVulC]
g19115.t1	Bacteria	1.15e-105	35.142	hypothetical protein [Candidatus Tisiphia endosymbiont of Temnostethus pusillus]
g19115.t1	Bacteria	3.42e-09	38.462	hypothetical protein [Candidatus Tisiphia endosymbiont of Temnostethus pusillus]
g19115.t1	Bacteria	6.88e-07	39.241	hypothetical protein [Candidatus Tisiphia endosymbiont of Temnostethus pusillus]
g19115.t1	unknown	2.01e-104	34.245	leucine-rich repeat domain-containing protein [Wolbachia endosymbiont of Nomada fabriciana]
g19116.t1	unknown	0.0	76.492	toprim domain-containing protein [Rickettsia tamurae]
g19116.t1	unknown	0.0	76.492	toprim domain-containing protein [Rickettsia tamurae]
g19116.t1	Bacteria	0.0	76.311	toprim domain-containing protein [Rickettsia endosymbiont of Ixodes scapularis]
g19116.t1	Bacteria	0.0	75.181	Multifunctional conjugation protein TraI [Rickettsia tamurae subsp. buchneri]
g19116.t1	Bacteria	0.0	75.181	AAA family ATPase [Rickettsia endosymbiont of Ixodes scapularis]
g19117.t1	Bacteria	1.56e-170	78.261	hydroxymethylbilane synthase [Candidatus Tisiphia endosymbiont of Nemotelus uliginosus]
g19117.t1	Bacteria	7.92e-165	76.589	hydroxymethylbilane synthase [Candidatus Tisiphia endosymbiont of Beris chalybata]
g19117.t1	Bacteria	1.36e-163	75.839	hydroxymethylbilane synthase [Rickettsia endosymbiont of Bryobia graminum]
g19117.t1	Bacteria	4.33e-162	75.593	hydroxymethylbilane synthase [Candidatus Tisiphia endosymbiont of Metellina segmentata]
g19117.t1	Bacteria	6.99e-161	74.915	hydroxymethylbilane synthase [Candidatus Tisiphia endosymbiont of Ptychoptera albimana]
g19118.t1	Bacteria	0.0	78.673	signal recognition particle protein [Candidatus Tisiphia endosymbiont of Nemotelus uliginosus]
g19118.t1	Bacteria	0.0	77.725	signal recognition particle protein [Candidatus Tisiphia endosymbiont of Beris chalybata]
g19118.t1	Bacteria	0.0	77.014	signal recognition particle protein [Rickettsia endosymbiont of Bryobia graminum]
g19118.t1	Bacteria	0.0	76.777	signal recognition particle protein [Candidatus Tisiphia sp.]
g19118.t1	unknown	0.0	76.777	MULTISPECIES: signal recognition particle protein [unclassified Candidatus Tisiphia]
g19119.t1	Bacteria	2.93e-105	56.634	autotransporter outer membrane beta-barrel domain-containing protein [Candidatus Tisiphia endosymbiont of Beris chalybata]
g19119.t1	Bacteria	4.44e-96	58.966	autotransporter outer membrane beta-barrel domain-containing protein [Candidatus Tisiphia endosymbiont of Nemotelus uliginosus]
g19119.t1	Bacteria	1.6e-75	42.090	hypothetical protein [Pseudomonadota bacterium]
g19119.t1	Bacteria	2.65e-75	37.750	autotransporter outer membrane beta-barrel domain-containing protein [Rickettsia endosymbiont of Eriopis connexa]
g19119.t1	Bacteria	3.1e-75	39.359	cell surface antigen, partial [uncultured Rickettsia sp.]
g19120.t1	Bacteria	9.62e-27	24.722	hypothetical protein [Candidatus Tisiphia endosymbiont of Nemotelus uliginosus]
g19120.t1	Bacteria	9.45e-22	26.364	hypothetical protein [Candidatus Tisiphia endosymbiont of Beris chalybata]
g19120.t1	Bacteria	0.089	26.573	hypothetical protein [Rickettsia endosymbiont of Bryobia graminum]
g19120.t1	Eukaryota	1.3	25.000	Target SNARE coiled-coil domain [Ostreococcus tauri]
g19120.t1	Eukaryota	3.6	21.652	Coiled-coil domain-containing protein 18 [Holothuria leucospilota]
g19121.t1	Bacteria	1.76e-93	94.964	hypothetical protein [Pseudomonadota bacterium]
g19121.t1	Bacteria	2.02e-92	94.245	hypothetical protein H376_1900 [Rickettsia prowazekii str. GvF12]
g19121.t1	Bacteria	2.78e-92	94.964	hypothetical protein JS55_02525 [Rickettsia felis str. LSU]
g19121.t1	Bacteria	2.79e-92	94.245	hypothetical protein H377_2860 [Rickettsia prowazekii str. Cairo 3]
g19121.t1	Bacteria	2.11e-70	79.137	hypothetical protein [Rhodospirillaceae bacterium]
g19122.t1	Bacteria	0.0	67.965	efflux RND transporter permease subunit [Candidatus Paracaedibacter symbiosus]
g19122.t1	Bacteria	0.009	52.381	efflux RND transporter permease subunit [Candidatus Paracaedibacter symbiosus]
g19122.t1	Bacteria	0.0	60.606	conserved rane protein of unknown function [Gammaproteobacteria bacterium]
g19122.t1	Bacteria	0.051	55.319	conserved rane protein of unknown function [Gammaproteobacteria bacterium]
g19122.t1	unknown	0.0	62.121	efflux RND transporter permease subunit [Legionella lansingensis]
g19122.t1	unknown	0.008	41.558	efflux RND transporter permease subunit [Legionella lansingensis]
g19122.t1	unknown	0.13	35.000	efflux RND transporter permease subunit [Legionella lansingensis]
g19122.t1	unknown	0.0	62.987	efflux RND transporter permease subunit [Legionella jamestowniensis]
g19122.t1	unknown	0.035	50.000	efflux RND transporter permease subunit [Legionella jamestowniensis]
g19122.t1	unknown	0.42	33.000	efflux RND transporter permease subunit [Legionella jamestowniensis]
g19122.t1	Bacteria	0.0	61.472	efflux RND transporter permease subunit [Legionella brunensis]
g19122.t1	Bacteria	0.68	45.652	efflux RND transporter permease subunit [Legionella brunensis]
g19123.t1	unknown	0.0	93.132	IS481 family transposase [Rickettsia bellii]
g19123.t1	unknown	0.0	92.857	IS481 family transposase [Rickettsia bellii]
g19123.t1	Bacteria	0.0	92.582	IS481 family transposase [Rickettsia endosymbiont of Urophora cardui]
g19123.t1	Bacteria	0.0	92.582	IS481 family transposase [Rickettsia endosymbiont of Urophora cardui]
g19123.t1	Bacteria	0.0	92.582	IS481 family transposase [Rickettsia endosymbiont of Urophora cardui]
g19124.t1	unknown	6.45e-111	32.447	leucine-rich repeat domain-containing protein [Wolbachia endosymbiont of Armadillidium vulgare]
g19124.t1	unknown	1.01e-23	37.569	leucine-rich repeat domain-containing protein [Wolbachia endosymbiont of Armadillidium vulgare]
g19124.t1	Bacteria	8.82e-111	32.447	leucine Rich repeat conatining protein [Wolbachia endosymbiont of Armadillidium vulgare str. wVulC]
g19124.t1	Bacteria	8.39e-24	37.569	leucine Rich repeat conatining protein [Wolbachia endosymbiont of Armadillidium vulgare str. wVulC]
g19124.t1	Bacteria	1.73e-109	35.006	leucine-rich repeat domain-containing protein [Candidatus Tisiphia endosymbiont of Temnostethus pusillus]
g19124.t1	Bacteria	4.86e-22	37.443	leucine-rich repeat domain-containing protein [Candidatus Tisiphia endosymbiont of Temnostethus pusillus]
g19124.t1	unknown	5.15e-103	32.746	MULTISPECIES: leucine-rich repeat domain-containing protein [unclassified Wolbachia]
g19124.t1	unknown	2.96e-31	38.362	MULTISPECIES: leucine-rich repeat domain-containing protein [unclassified Wolbachia]
g19124.t1	Bacteria	3.24e-102	32.746	leucine-rich repeat domain-containing protein [Wolbachia endosymbiont (group A) of Andrena haemorrhoa]
g19124.t1	Bacteria	1.38e-32	36.879	leucine-rich repeat domain-containing protein [Wolbachia endosymbiont (group A) of Andrena haemorrhoa]
g19125.t1	Eukaryota	1.79e-38	27.224	Ferredoxin--NADP reductase [Pseudolycoriella hygida]
g19125.t1	Bacteria	1.54e-36	27.969	autotransporter outer membrane beta-barrel domain-containing protein [Candidatus Tisiphia endosymbiont of Beris chalybata]
g19125.t1	Bacteria	3.2e-28	39.683	autotransporter domain-containing protein [Candidatus Tisiphia endosymbiont of Oplodontha viridula]
g19125.t1	Bacteria	3.62e-28	39.683	autotransporter domain-containing protein [Candidatus Tisiphia endosymbiont of Nemotelus uliginosus]
g19125.t1	Bacteria	4.02e-28	39.683	autotransporter outer membrane beta-barrel domain-containing protein [Candidatus Tisiphia endosymbiont of Nemotelus nigrinus]
g19126.t1	Eukaryota	3.1e-11	24.955	Ferredoxin--NADP reductase [Pseudolycoriella hygida]
g19126.t1	Eukaryota	0.36	25.610	putative Xaa-Pro aminopeptidase [Lepidopterella palustris CBS 459.81]
g19126.t1	Bacteria	0.66	29.012	autotransporter domain-containing protein [Candidatus Tisiphia endosymbiont of Dioctria rufipes]
g19126.t1	Eukaryota	0.89	32.407	conserved Plasmodium protein, unknown function [Plasmodium gallinaceum]
g19126.t1	Bacteria	1.4	26.347	hypothetical protein [Verrucomicrobiota bacterium]
g19126.t2	Eukaryota	2.58e-08	24.694	Ferredoxin--NADP reductase [Pseudolycoriella hygida]
g19126.t2	Bacteria	0.19	28.834	autotransporter domain-containing protein [Candidatus Tisiphia endosymbiont of Dioctria rufipes]
g19126.t2	Eukaryota	0.29	25.610	putative Xaa-Pro aminopeptidase [Lepidopterella palustris CBS 459.81]
g19126.t2	Bacteria	0.34	26.036	hypothetical protein [Verrucomicrobiota bacterium]
g19126.t2	Bacteria	1.5	28.814	OmpA, partial [Candidatus Rickettsia principis]
g19127.t1	Bacteria	0.0	70.728	Fe-S protein assembly chaperone HscA [Candidatus Tisiphia endosymbiont of Nemotelus uliginosus]
g19127.t1	Bacteria	0.0	70.608	Fe-S protein assembly chaperone HscA [Candidatus Tisiphia endosymbiont of Beris chalybata]
g19127.t1	Bacteria	0.0	69.882	Fe-S protein assembly chaperone HscA [Candidatus Tisiphia endosymbiont of Dascillus cervinus]
g19127.t1	Bacteria	0.0	70.439	Fe-S protein assembly chaperone HscA [Candidatus Tisiphia endosymbiont of Myopa tessellatipennis]
g19127.t1	Bacteria	0.0	70.220	Fe-S protein assembly chaperone HscA [Candidatus Tisiphia endosymbiont of Temnostethus pusillus]
g19128.t1	Bacteria	4.11e-74	80.952	30S ribosomal protein S4 [Candidatus Tisiphia endosymbiont of Beris chalybata]
g19128.t1	unknown	4.62e-73	80.952	MULTISPECIES: 30S ribosomal protein S4 [unclassified Candidatus Tisiphia]
g19128.t1	unknown	1.68e-72	80.952	MULTISPECIES: 30S ribosomal protein S4 [unclassified Candidatus Tisiphia]
g19128.t1	Bacteria	1.72e-72	80.952	30S ribosomal protein S4 [Rickettsia endosymbiont of Oedothorax gibbosus]
g19128.t1	Bacteria	2.34e-72	78.571	30S ribosomal protein S4 [Rickettsia endosymbiont of Bryobia graminum]
g19129.t1	Bacteria	1.09e-06	44.928	ankyrin repeat domain-containing protein [Candidatus Tisiphia endosymbiont of Beris chalybata]
g19129.t1	Bacteria	1.14e-06	34.595	hypothetical protein [Candidatus Tisiphia endosymbiont of Nemotelus uliginosus]
g19129.t1	Bacteria	0.009	23.810	autotransporter-associated beta strand repeat-containing protein [Achromobacter dolens]
g19129.t1	Bacteria	0.12	26.875	autotransporter-associated beta strand repeat-containing protein [Achromobacter dolens]
g19129.t1	Bacteria	0.46	26.812	autotransporter-associated beta strand repeat-containing protein [Achromobacter dolens]
g19129.t1	Bacteria	0.011	24.064	autotransporter-associated beta strand repeat-containing protein [Achromobacter ruhlandii]
g19129.t1	Bacteria	0.038	27.807	autotransporter-associated beta strand repeat-containing protein [Achromobacter dolens]
g19130.t1	Bacteria	2.0	29.464	MAG: aldo/keto reductase [Betaproteobacteria bacterium RIFCSPLOWO2_02_FULL_63_19]
g19130.t1	Bacteria	2.0	29.464	MAG: hypothetical protein A3G25_19045 [Betaproteobacteria bacterium RIFCSPLOWO2_12_FULL_63_13]
g19131.t1	Bacteria	0.0	77.283	aconitate hydratase AcnA [Candidatus Tisiphia endosymbiont of Beris chalybata]
g19131.t1	Bacteria	0.0	73.913	aconitate hydratase AcnA [Rickettsia endosymbiont of Bryobia graminum]
g19131.t1	Bacteria	0.0	73.185	aconitate hydratase AcnA [Candidatus Tisiphia endosymbiont of Ptychoptera albimana]
g19131.t1	Eukaryota	0.0	74.706	Aconitate hydratase A [Pseudolycoriella hygida]
g19131.t1	Bacteria	0.0	72.365	aconitate hydratase AcnA [Candidatus Tisiphia endosymbiont of Parasteatoda lunata]
g19132.t1	Bacteria	4.57e-85	97.638	30S ribosomal protein S12 [Rickettsia endosymbiont of Labidopullus appendiculatus]
g19132.t1	unknown	1.67e-84	96.850	MULTISPECIES: 30S ribosomal protein S12 [unclassified Candidatus Tisiphia]
g19132.t1	Bacteria	3.4e-84	96.850	30S ribosomal protein S12 [Rickettsia endosymbiont of Pseudomimeciton antennatum]
g19132.t1	Bacteria	9.35e-84	96.063	30S ribosomal protein S12 [Candidatus Tisiphia sp.]
g19132.t1	Bacteria	1.75e-83	96.063	MAG: 30S ribosomal protein S12 [Rickettsia endosymbiont of Sergentomyia squamirostris]
g19133.t1	Eukaryota	0.0	86.792	Elongation factor G [Pseudolycoriella hygida]
g19133.t1	Eukaryota	0.0	87.574	Elongation factor G [Pseudolycoriella hygida]
g19133.t1	Bacteria	0.0	91.493	elongation factor G [Candidatus Tisiphia endosymbiont of Beris chalybata]
g19133.t1	Bacteria	0.0	90.448	elongation factor G [Candidatus Tisiphia endosymbiont of Nemotelus uliginosus]
g19133.t1	Bacteria	0.0	89.774	elongation factor G [Candidatus Tisiphia endosymbiont of Ditula angustiorana]
g19134.t1	Bacteria	6.62e-82	84.028	50S ribosomal protein L11 [Candidatus Tisiphia endosymbiont of Nemotelus uliginosus]
g19134.t1	Bacteria	3.11e-80	81.250	50S ribosomal protein L11 [Candidatus Tisiphia endosymbiont of Beris chalybata]
g19134.t1	Bacteria	1.59e-79	81.944	50S ribosomal protein L11 [Candidatus Tisiphia endosymbiont of Myopa tessellatipennis]
g19134.t1	unknown	2.24e-79	81.944	MULTISPECIES: 50S ribosomal protein L11 [unclassified Candidatus Tisiphia]
g19134.t1	Bacteria	3.04e-79	81.250	50S ribosomal protein L11 [Candidatus Tisiphia endosymbiont of Nedyus quadrimaculatus]
g19135.t1	Bacteria	1.02e-142	86.463	50S ribosomal protein L1 [Candidatus Tisiphia endosymbiont of Nedyus quadrimaculatus]
g19135.t1	Bacteria	6.42e-142	86.463	50S ribosomal protein L1 [Candidatus Tisiphia endosymbiont of Ditula angustiorana]
g19135.t1	Bacteria	2.12e-141	86.026	50S ribosomal protein L1 [Candidatus Tisiphia endosymbiont of Dascillus cervinus]
g19135.t1	Bacteria	5.33e-141	86.026	50S ribosomal protein L1 [Rickettsia sp.]
g19135.t1	unknown	5.33e-141	86.463	MULTISPECIES: 50S ribosomal protein L1 [unclassified Candidatus Tisiphia]
g19136.t1	Bacteria	1.45e-58	80.328	50S ribosomal protein L7/L12 [Candidatus Tisiphia endosymbiont of Ditula angustiorana]
g19136.t1	Bacteria	1.87e-58	80.328	50S ribosomal protein L7/L12 [Candidatus Tisiphia endosymbiont of Nedyus quadrimaculatus]
g19136.t1	Bacteria	3.49e-58	80.328	50S ribosomal protein L7/L12 [Candidatus Tisiphia endosymbiont of Metellina segmentata]
g19136.t1	unknown	5.84e-58	80.328	MULTISPECIES: 50S ribosomal protein L7/L12 [unclassified Candidatus Tisiphia]
g19136.t1	unknown	1.29e-57	79.508	50S ribosomal protein L7/L12 [Candidatus Tisiphia endosymbiont of Piscicola geometra]
g19137.t1	Eukaryota	0.0	83.333	DNA-directed RNA polymerase subunit beta [Pseudolycoriella hygida]
g19137.t1	Bacteria	0.0	83.803	DNA-directed RNA polymerase subunit beta [Candidatus Tisiphia endosymbiont of Nedyus quadrimaculatus]
g19137.t1	Bacteria	0.0	83.627	DNA-directed RNA polymerase subunit beta [Candidatus Tisiphia endosymbiont of Ditula angustiorana]
g19137.t1	unknown	0.0	83.539	DNA-directed RNA polymerase subunit beta [Candidatus Tisiphia endosymbiont of Melanophora roralis]
g19137.t1	Bacteria	0.0	83.627	DNA-directed RNA polymerase subunit beta [Rickettsiaceae bacterium]
g19138.t1	Bacteria	0.0	95.491	DNA-directed RNA polymerase subunit beta' [Candidatus Tisiphia endosymbiont of Nemotelus uliginosus]
g19138.t1	Bacteria	0.0	95.093	DNA-directed RNA polymerase subunit beta' [Candidatus Tisiphia endosymbiont of Beris chalybata]
g19138.t1	Eukaryota	0.0	94.843	DNA-directed RNA polymerase subunit beta' [Pseudolycoriella hygida]
g19138.t1	Bacteria	0.0	91.700	DNA-directed RNA polymerase subunit beta' [Candidatus Tisiphia endosymbiont of Oplodontha viridula]
g19138.t1	Bacteria	0.0	91.620	DNA-directed RNA polymerase subunit beta' [Candidatus Tisiphia endosymbiont of Nemotelus nigrinus]
g19139.t1	Eukaryota	0.0	89.631	Citrate synthase [Pseudolycoriella hygida]
g19139.t1	Bacteria	0.0	89.631	citrate synthase [Candidatus Tisiphia endosymbiont of Beris chalybata]
g19139.t1	Bacteria	0.0	85.945	citrate synthase [Rickettsia sp.]
g19139.t1	Bacteria	0.0	85.714	citrate synthase [Candidatus Tisiphia endosymbiont of Psammoecus bipunctatus]
g19139.t1	unknown	0.0	85.714	MULTISPECIES: citrate synthase [unclassified Candidatus Tisiphia]
g19140.t1	Bacteria	0.0	77.885	aspartate kinase [Candidatus Tisiphia endosymbiont of Beris chalybata]
g19140.t1	Bacteria	0.0	78.125	aspartate kinase [Candidatus Tisiphia endosymbiont of Nemotelus uliginosus]
g19140.t1	Bacteria	0.0	73.141	aspartate kinase [Candidatus Tisiphia endosymbiont of Sialis lutaria]
g19140.t1	Bacteria	0.0	72.662	aspartate kinase [Candidatus Tisiphia endosymbiont of Sialis lutaria]
g19140.t1	Bacteria	0.0	72.902	aspartate kinase [Candidatus Tisiphia sp.]
g19141.t1	Bacteria	1.77e-113	95.808	CarD family transcriptional regulator [Candidatus Tisiphia endosymbiont of Beris chalybata]
g19141.t1	Bacteria	5.51e-111	94.012	CarD family transcriptional regulator [Candidatus Tisiphia endosymbiont of Nemotelus uliginosus]
g19141.t1	Bacteria	1.12e-107	91.617	CarD family transcriptional regulator [Rickettsia endosymbiont of Bryobia graminum]
g19141.t1	Bacteria	5.52e-103	88.024	CarD family transcriptional regulator [Rickettsia sp.]
g19141.t1	unknown	1.95e-102	87.425	CarD family transcriptional regulator [Candidatus Tisiphia endosymbiont of Nedyus quadrimaculatus]
g19142.t1	Bacteria	0.0	55.502	type IV secretion system protein [Rickettsia endosymbiont of Gnoriste bilineata]
g19142.t1	Bacteria	0.0	55.063	type IV secretion system protein [Rickettsia endosymbiont of Platyusa sonomae]
g19142.t1	Bacteria	0.0	54.777	type IV secretion system protein [Candidatus Tisiphia endosymbiont of Piscicola geometra]
g19142.t1	Bacteria	0.0	55.222	type IV secretion system protein [Candidatus Tisiphia endosymbiont of Sialis lutaria]
g19142.t1	Bacteria	0.0	54.905	MAG: type IV secretion system protein [Rickettsia endosymbiont of Culicoides impunctatus]
g19143.t1	Bacteria	0.0	53.309	MAG: type IV secretion system protein [Rickettsia endosymbiont of Cimex lectularius]
g19143.t1	Bacteria	0.000268	44.444	MAG: type IV secretion system protein [Rickettsia endosymbiont of Cimex lectularius]
g19143.t1	Bacteria	0.0	53.309	type IV secretion system protein [Candidatus Tisiphia endosymbiont of Psammoecus bipunctatus]
g19143.t1	Bacteria	3.92e-05	48.649	type IV secretion system protein [Candidatus Tisiphia endosymbiont of Psammoecus bipunctatus]
g19143.t1	Bacteria	0.0	53.309	type IV secretion system protein [Candidatus Tisiphia endosymbiont of Melanophora roralis]
g19143.t1	Bacteria	3.86e-05	48.649	type IV secretion system protein [Candidatus Tisiphia endosymbiont of Melanophora roralis]
g19143.t1	Bacteria	0.0	51.458	type IV secretion system protein [Candidatus Tisiphia sp.]
g19143.t1	Bacteria	3.79e-05	48.649	type IV secretion system protein [Candidatus Tisiphia sp.]
g19143.t1	Bacteria	0.0	51.458	type IV secretion system protein [Candidatus Tisiphia sp.]
g19143.t1	Bacteria	3.82e-05	48.649	type IV secretion system protein [Candidatus Tisiphia sp.]
g19144.t1	Bacteria	3.96e-61	62.722	type IV secretion system protein [Candidatus Tisiphia endosymbiont of Nemotelus uliginosus]
g19144.t1	Bacteria	0.000327	44.086	type IV secretion system protein [Candidatus Tisiphia endosymbiont of Nemotelus uliginosus]
g19144.t1	Bacteria	1.65e-60	62.874	type IV secretion system protein [Candidatus Tisiphia endosymbiont of Beris chalybata]
g19144.t1	Bacteria	5.9e-09	53.846	type IV secretion system protein [Candidatus Tisiphia endosymbiont of Beris chalybata]
g19144.t1	Bacteria	5.69e-60	60.000	type IV secretion system protein [Candidatus Tisiphia sp.]
g19144.t1	Bacteria	8.57e-12	45.918	type IV secretion system protein [Candidatus Tisiphia sp.]
g19144.t1	Bacteria	2.17e-59	59.412	type IV secretion system protein [Candidatus Tisiphia endosymbiont of Sialis lutaria]
g19144.t1	Bacteria	1.41e-11	45.918	type IV secretion system protein [Candidatus Tisiphia endosymbiont of Sialis lutaria]
g19144.t1	Bacteria	3.29e-59	60.588	type IV secretion system protein [Rickettsia endosymbiont of Labidopullus appendiculatus]
g19144.t1	Bacteria	2.78e-13	35.404	type IV secretion system protein [Rickettsia endosymbiont of Labidopullus appendiculatus]
g19145.t1	Bacteria	1.48e-42	57.718	type IV secretion system protein [Candidatus Tisiphia endosymbiont of Beris chalybata]
g19145.t1	Bacteria	1.79e-36	51.299	type IV secretion system protein [Candidatus Tisiphia endosymbiont of Nemotelus uliginosus]
g19145.t1	Bacteria	3.77e-30	45.806	type IV secretion system protein [Rickettsia endosymbiont of Bryobia graminum]
g19145.t1	Bacteria	3.88e-30	44.444	type IV secretion system protein [Rickettsia endosymbiont of Pseudomimeciton antennatum]
g19145.t1	Bacteria	6.83e-30	47.134	type IV secretion system protein [Candidatus Tisiphia endosymbiont of Dioctria rufipes]
g19146.t1	unknown	1.58e-74	38.347	type IV secretion system protein [Rickettsia massiliae]
g19146.t1	unknown	1.81e-42	51.479	type IV secretion system protein [Rickettsia massiliae]
g19146.t1	unknown	1.21e-17	61.429	type IV secretion system protein [Rickettsia massiliae]
g19146.t1	unknown	7.19e-74	37.844	type IV secretion system protein [Rickettsia conorii]
g19146.t1	unknown	3.48e-42	50.888	type IV secretion system protein [Rickettsia conorii]
g19146.t1	unknown	2.57e-17	61.429	type IV secretion system protein [Rickettsia conorii]
g19146.t1	unknown	7.93e-74	37.844	type IV secretion system protein [Rickettsia conorii]
g19146.t1	unknown	3.41e-42	50.888	type IV secretion system protein [Rickettsia conorii]
g19146.t1	unknown	2.5e-17	61.429	type IV secretion system protein [Rickettsia conorii]
g19146.t1	unknown	1.04e-73	38.136	type IV secretion system protein [Rickettsia rhipicephali]
g19146.t1	unknown	1.15e-42	51.479	type IV secretion system protein [Rickettsia rhipicephali]
g19146.t1	unknown	2.5e-17	61.429	type IV secretion system protein [Rickettsia rhipicephali]
g19146.t1	Bacteria	1.44e-73	41.929	type IV secretion system protein [Rickettsia endosymbiont of Sericostoma sp. HW-2014]
g19146.t1	Bacteria	1.72e-42	51.786	type IV secretion system protein [Rickettsia endosymbiont of Sericostoma sp. HW-2014]
g19146.t1	Bacteria	3.53e-16	61.972	type IV secretion system protein [Rickettsia endosymbiont of Sericostoma sp. HW-2014]
g19147.t1	Bacteria	0.0	87.278	VirB4 family type IV secretion/conjugal transfer ATPase [Candidatus Tisiphia endosymbiont of Dascillus cervinus]
g19147.t1	Bacteria	0.0	87.574	VirB4 family type IV secretion/conjugal transfer ATPase [Candidatus Tisiphia sp.]
g19147.t1	Bacteria	0.0	87.574	VirB4 family type IV secretion/conjugal transfer ATPase [Candidatus Tisiphia sp.]
g19147.t1	unknown	0.0	87.574	MULTISPECIES: VirB4 family type IV secretion/conjugal transfer ATPase [unclassified Candidatus Tisiphia]
g19147.t1	Bacteria	0.0	86.686	VirB4 family type IV secretion/conjugal transfer ATPase [Candidatus Tisiphia endosymbiont of Beris chalybata]
g19148.t1	Bacteria	0.0	86.433	ATP-dependent chaperone ClpB [Candidatus Tisiphia endosymbiont of Nemotelus uliginosus]
g19148.t1	Eukaryota	0.0	86.066	Chaperone protein ClpB [Pseudolycoriella hygida]
g19148.t1	Bacteria	0.0	87.002	ATP-dependent chaperone ClpB [Candidatus Tisiphia endosymbiont of Beris chalybata]
g19148.t1	Bacteria	0.0	84.327	ATP-dependent chaperone ClpB [Rickettsia endosymbiont of Labidopullus appendiculatus]
g19148.t1	Bacteria	0.0	84.211	ATP-dependent chaperone ClpB [Rickettsia endosymbiont of Pseudomimeciton antennatum]
g19149.t1	Bacteria	0.0	93.580	acyl-CoA carboxylase subunit beta [Candidatus Tisiphia endosymbiont of Beris chalybata]
g19149.t1	Eukaryota	0.0	93.191	Propionyl-CoA carboxylase beta chain [Pseudolycoriella hygida]
g19149.t1	Bacteria	0.0	92.802	acyl-CoA carboxylase subunit beta [Candidatus Tisiphia endosymbiont of Nemotelus uliginosus]
g19149.t1	Bacteria	0.0	89.883	acyl-CoA carboxylase subunit beta [Candidatus Tisiphia endosymbiont of Oplodontha viridula]
g19149.t1	unknown	0.0	89.883	acyl-CoA carboxylase subunit beta [Candidatus Tisiphia endosymbiont of Psammoecus bipunctatus]
g19150.t1	Bacteria	0.0	91.135	acetyl/propionyl/methylcrotonyl-CoA carboxylase subunit alpha [Candidatus Tisiphia endosymbiont of Beris chalybata]
g19150.t1	Bacteria	0.0	90.980	acetyl-CoA carboxylase biotin carboxylase subunit [Candidatus Tisiphia endosymbiont of Nemotelus uliginosus]
g19150.t1	Eukaryota	0.0	88.958	Propionyl-CoA carboxylase alpha chain [Pseudolycoriella hygida]
g19150.t1	Bacteria	0.0	87.558	acetyl/propionyl/methylcrotonyl-CoA carboxylase subunit alpha [Candidatus Tisiphia endosymbiont of Sialis lutaria]
g19150.t1	unknown	0.0	87.092	MULTISPECIES: acetyl/propionyl/methylcrotonyl-CoA carboxylase subunit alpha [unclassified Candidatus Tisiphia]
g19150.t2	Bacteria	0.0	91.052	acetyl/propionyl/methylcrotonyl-CoA carboxylase subunit alpha [Candidatus Tisiphia endosymbiont of Beris chalybata]
g19150.t2	Bacteria	0.0	90.895	acetyl-CoA carboxylase biotin carboxylase subunit [Candidatus Tisiphia endosymbiont of Nemotelus uliginosus]
g19150.t2	Eukaryota	0.0	89.011	Propionyl-CoA carboxylase alpha chain [Pseudolycoriella hygida]
g19150.t2	Bacteria	0.0	87.441	acetyl/propionyl/methylcrotonyl-CoA carboxylase subunit alpha [Candidatus Tisiphia endosymbiont of Sialis lutaria]
g19150.t2	Bacteria	0.0	87.441	acetyl/propionyl/methylcrotonyl-CoA carboxylase subunit alpha [Rickettsia endosymbiont of Culicoides newsteadi]
g19151.t1	Eukaryota	4.71e-170	83.929	putative sensor histidine kinase NtrY-like [Pseudolycoriella hygida]
g19151.t1	Bacteria	8.2e-169	84.643	sensor histidine kinase NtrY-like [Candidatus Tisiphia endosymbiont of Beris chalybata]
g19151.t1	Bacteria	2.35e-166	83.214	sensor histidine kinase NtrY-like [Candidatus Tisiphia endosymbiont of Nemotelus uliginosus]
g19151.t1	Bacteria	3.76e-158	79.422	sensor histidine kinase NtrY-like [Candidatus Tisiphia endosymbiont of Oplodontha viridula]
g19151.t1	unknown	4.02e-158	79.422	MULTISPECIES: sensor histidine kinase NtrY-like [unclassified Candidatus Tisiphia]
g19152.t1	Bacteria	9.55e-81	65.761	demethoxyubiquinone hydroxylase family protein [Candidatus Tisiphia endosymbiont of Empis tessellata]
g19152.t1	Bacteria	2.92e-80	64.674	demethoxyubiquinone hydroxylase family protein [Candidatus Tisiphia endosymbiont of Nemotelus uliginosus]
g19152.t1	unknown	4.68e-80	65.217	MULTISPECIES: demethoxyubiquinone hydroxylase family protein [unclassified Candidatus Tisiphia]
g19152.t1	unknown	1.03e-79	65.217	MULTISPECIES: demethoxyubiquinone hydroxylase family protein [unclassified Candidatus Tisiphia]
g19152.t1	Bacteria	1.7e-79	65.217	demethoxyubiquinone hydroxylase family protein [Rickettsiaceae bacterium]
g19153.t1	Bacteria	1.0	34.568	DUF1549 domain-containing protein [Blastocatellia bacterium]
g19153.t1	Bacteria	1.7	36.000	three-Cys-motif partner protein TcmP [Terriglobia bacterium]
g19153.t1	Bacteria	2.8	37.838	DUF1549 domain-containing protein [Blastocatellia bacterium]
g19153.t1	unknown	8.0	25.556	carbohydrate kinase family protein [Pilosibacter sp. HC1M1C21]
g19154.t1	unknown	8e-80	81.250	MULTISPECIES: dUTP diphosphatase [Rickettsieae]
g19154.t1	Bacteria	9.98e-80	81.250	dUTP diphosphatase [Candidatus Tisiphia endosymbiont of Sialis lutaria]
g19154.t1	Bacteria	2.5e-79	81.250	dUTP diphosphatase [Candidatus Tisiphia endosymbiont of Ditula angustiorana]
g19154.t1	Bacteria	2.79e-79	81.250	dUTP diphosphatase [Rickettsia endosymbiont of Oedothorax gibbosus]
g19154.t1	unknown	5.24e-79	80.690	MULTISPECIES: dUTP diphosphatase [unclassified Candidatus Tisiphia]
g19155.t1	Bacteria	6.16e-85	55.390	SPOR domain-containing protein [Candidatus Tisiphia endosymbiont of Beris chalybata]
g19155.t1	Bacteria	8.46e-85	56.089	SPOR domain-containing protein [Candidatus Tisiphia endosymbiont of Nemotelus uliginosus]
g19155.t1	Bacteria	3.5e-74	52.091	SPOR domain-containing protein [Rickettsia endosymbiont of Bryobia graminum]
g19155.t1	Bacteria	1.28e-71	48.339	SPOR domain-containing protein [Rickettsia endosymbiont of Pseudomimeciton antennatum]
g19155.t1	Bacteria	1.71e-71	49.632	SPOR domain-containing protein [Rickettsia endosymbiont of Gnoriste bilineata]
g19156.t1	Bacteria	0.0	81.109	arginine--tRNA ligase [Candidatus Tisiphia endosymbiont of Beris chalybata]
g19156.t1	Bacteria	0.0	80.243	arginine--tRNA ligase [Candidatus Tisiphia endosymbiont of Nemotelus uliginosus]
g19156.t1	Bacteria	0.0	77.123	arginine--tRNA ligase [Candidatus Tisiphia endosymbiont of Dascillus cervinus]
g19156.t1	Bacteria	0.0	76.950	arginine--tRNA ligase [Rickettsia endosymbiont of Culicoides newsteadi]
g19156.t1	Bacteria	0.0	76.950	arginine--tRNA ligase [Candidatus Tisiphia endosymbiont of Oplodontha viridula]
g19157.t1	Bacteria	8.02e-160	86.400	deoxyguanosinetriphosphate triphosphohydrolase [Candidatus Tisiphia endosymbiont of Beris chalybata]
g19157.t1	Bacteria	1.57e-157	84.800	deoxyguanosinetriphosphate triphosphohydrolase [Candidatus Tisiphia endosymbiont of Nemotelus uliginosus]
g19157.t1	Bacteria	1e-151	81.526	deoxyguanosinetriphosphate triphosphohydrolase [Rickettsia endosymbiont of Bryobia graminum]
g19157.t1	Bacteria	4.51e-150	81.200	deoxyguanosinetriphosphate triphosphohydrolase [Candidatus Tisiphia endosymbiont of Nedyus quadrimaculatus]
g19157.t1	unknown	2.51e-149	80.800	MULTISPECIES: deoxyguanosinetriphosphate triphosphohydrolase [unclassified Candidatus Tisiphia]
g19158.t1	Bacteria	0.0	80.063	KpsF/GutQ family sugar-phosphate isomerase [Candidatus Tisiphia endosymbiont of Beris chalybata]
g19158.t1	Bacteria	0.0	79.936	KpsF/GutQ family sugar-phosphate isomerase [Candidatus Tisiphia endosymbiont of Myopa tessellatipennis]
g19158.t1	unknown	0.0	80.063	KpsF/GutQ family sugar-phosphate isomerase [Rickettsia endosymbiont of Pseudomimeciton antennatum]
g19158.t1	unknown	0.0	79.618	SIS domain-containing protein [Candidatus Tisiphia endosymbiont of Melanophora roralis]
g19158.t1	Bacteria	0.0	79.936	SIS domain-containing protein [Candidatus Tisiphia endosymbiont of Nedyus quadrimaculatus]
g19159.t1	Bacteria	0.0	88.937	sigma-54 dependent transcriptional regulator [Candidatus Tisiphia endosymbiont of Beris chalybata]
g19159.t1	Bacteria	0.0	88.937	sigma-54-dependent transcriptional regulator [Candidatus Tisiphia endosymbiont of Nemotelus uliginosus]
g19159.t1	Eukaryota	0.0	82.863	putative response regulator NtrX-like [Pseudolycoriella hygida]
g19159.t1	Bacteria	0.0	81.699	sigma-54 dependent transcriptional regulator [Rickettsia endosymbiont of Bryobia graminum]
g19159.t1	unknown	0.0	79.610	MULTISPECIES: sigma-54-dependent transcriptional regulator [unclassified Candidatus Tisiphia]
g19160.t1	Eukaryota	5.7	29.365	LOW QUALITY PROTEIN: uncharacterized protein LOC113388013 [Ctenocephalides felis]
g19161.t1	Bacteria	1.51e-91	77.778	nucleotide exchange factor GrpE [Candidatus Tisiphia endosymbiont of Beris chalybata]
g19161.t1	Bacteria	7.89e-86	68.586	nucleotide exchange factor GrpE [Rickettsia sp.]
g19161.t1	Bacteria	9.61e-86	69.110	nucleotide exchange factor GrpE [Rickettsia sp.]
g19161.t1	Eukaryota	1.4e-85	66.667	Protein GrpE [Pseudolycoriella hygida]
g19161.t1	unknown	2.57e-85	68.586	MULTISPECIES: nucleotide exchange factor GrpE [unclassified Candidatus Tisiphia]
g19162.t1	Bacteria	7.1e-143	81.013	ribonuclease PH [Candidatus Tisiphia endosymbiont of Beris chalybata]
g19162.t1	Eukaryota	4.51e-140	78.903	Ribonuclease PH [Pseudolycoriella hygida]
g19162.t1	Bacteria	2.11e-139	78.903	ribonuclease PH [Rickettsia endosymbiont of Bryobia graminum]
g19162.t1	Bacteria	2.56e-139	78.903	ribonuclease PH [Candidatus Tisiphia endosymbiont of Empis tessellata]
g19162.t1	Bacteria	3.72e-139	78.903	ribonuclease PH [Candidatus Tisiphia endosymbiont of Parasteatoda lunata]
g19163.t1	Bacteria	1.13e-111	38.065	hypothetical protein [Rickettsia endosymbiont of Bryobia graminum]
g19163.t1	Bacteria	2.22e-107	45.476	Sca4 family protein [Candidatus Tisiphia endosymbiont of Temnostethus pusillus]
g19163.t1	Bacteria	3.23e-105	47.487	Sca4 family protein [Candidatus Tisiphia endosymbiont of Nedyus quadrimaculatus]
g19163.t1	Bacteria	8.73e-105	46.482	hypothetical protein [Rickettsia sp.]
g19163.t1	Bacteria	2.13e-104	44.548	Sca4 family protein [Rickettsiaceae bacterium]
g19164.t1	Bacteria	3.82e-171	78.395	leucyl aminopeptidase [Candidatus Tisiphia endosymbiont of Beris chalybata]
g19164.t1	Bacteria	1.27e-36	69.307	leucyl aminopeptidase [Candidatus Tisiphia endosymbiont of Beris chalybata]
g19164.t1	Bacteria	1.2e-165	72.531	leucyl aminopeptidase [Rickettsia endosymbiont of Bryobia graminum]
g19164.t1	Bacteria	6.09e-43	78.351	leucyl aminopeptidase [Rickettsia endosymbiont of Bryobia graminum]
g19164.t1	Bacteria	5.98e-165	75.617	leucyl aminopeptidase [Candidatus Tisiphia endosymbiont of Nemotelus uliginosus]
g19164.t1	Bacteria	2.76e-38	69.000	leucyl aminopeptidase [Candidatus Tisiphia endosymbiont of Nemotelus uliginosus]
g19164.t1	Bacteria	1.52e-155	69.733	leucyl aminopeptidase [Rickettsia sp.]
g19164.t1	Bacteria	1.88e-42	72.727	leucyl aminopeptidase [Rickettsia sp.]
g19164.t1	Bacteria	2.59e-155	70.988	leucyl aminopeptidase [Candidatus Tisiphia endosymbiont of Neophilaenus lineatus]
g19164.t1	Bacteria	5.19e-42	71.717	leucyl aminopeptidase [Candidatus Tisiphia endosymbiont of Neophilaenus lineatus]
g19164.t2	Bacteria	5.47e-141	79.008	leucyl aminopeptidase [Candidatus Tisiphia endosymbiont of Beris chalybata]
g19164.t2	Bacteria	4.65e-37	69.307	leucyl aminopeptidase [Candidatus Tisiphia endosymbiont of Beris chalybata]
g19164.t2	Bacteria	5.89e-135	75.191	leucyl aminopeptidase [Candidatus Tisiphia endosymbiont of Nemotelus uliginosus]
g19164.t2	Bacteria	1e-38	69.000	leucyl aminopeptidase [Candidatus Tisiphia endosymbiont of Nemotelus uliginosus]
g19164.t2	Bacteria	3.01e-131	72.519	leucyl aminopeptidase [Rickettsia endosymbiont of Bryobia graminum]
g19164.t2	Bacteria	1.73e-43	78.351	leucyl aminopeptidase [Rickettsia endosymbiont of Bryobia graminum]
g19164.t2	Bacteria	1.47e-126	69.466	leucyl aminopeptidase [Candidatus Tisiphia endosymbiont of Neophilaenus lineatus]
g19164.t2	Bacteria	2.22e-42	71.717	leucyl aminopeptidase [Candidatus Tisiphia endosymbiont of Neophilaenus lineatus]
g19164.t2	Bacteria	5.02e-126	47.404	leucyl aminopeptidase [Rickettsia endosymbiont of Orchestes rusci]
g19165.t1	Bacteria	0.0	80.678	FAD-dependent thymidylate synthase [Rickettsia endosymbiont of Bryobia graminum]
g19165.t1	Bacteria	0.0	85.034	FAD-dependent thymidylate synthase [Candidatus Tisiphia endosymbiont of Neophilaenus lineatus]
g19165.t1	unknown	0.0	85.374	MULTISPECIES: FAD-dependent thymidylate synthase [unclassified Candidatus Tisiphia]
g19165.t1	Bacteria	2.49e-180	85.034	FAD-dependent thymidylate synthase [Candidatus Tisiphia endosymbiont of Parasteatoda lunata]
g19165.t1	Bacteria	2.68e-180	84.694	FAD-dependent thymidylate synthase [Candidatus Tisiphia endosymbiont of Ditula angustiorana]
g19166.t1	Bacteria	0.0	57.160	hypothetical protein [Rickettsiaceae bacterium]
g19166.t1	Bacteria	6.85e-27	27.479	hypothetical protein [Rickettsiaceae bacterium]
g19166.t1	Bacteria	0.0	45.365	hypothetical protein [Bacillota bacterium]
g19166.t1	Bacteria	1.13e-32	31.781	hypothetical protein [Bacillota bacterium]
g19166.t1	Bacteria	1.98e-20	29.758	hypothetical protein [Bacillota bacterium]
g19166.t1	Bacteria	0.0	45.365	D-glucuronyl C5-epimerase family protein [Brevibacillus sp. AG162]
g19166.t1	Bacteria	1.5e-28	31.429	D-glucuronyl C5-epimerase family protein [Brevibacillus sp. AG162]
g19166.t1	Bacteria	0.0	45.062	D-glucuronyl C5-epimerase family protein [Brevibacillus sp. MS2.2]
g19166.t1	Bacteria	4.29e-28	30.925	D-glucuronyl C5-epimerase family protein [Brevibacillus sp. MS2.2]
g19166.t1	Bacteria	0.0	45.018	hypothetical protein IM40_00135 [Candidatus Paracaedimonas acanthamoebae]
g19166.t1	Bacteria	6.44e-29	28.302	hypothetical protein IM40_00135 [Candidatus Paracaedimonas acanthamoebae]
g19167.t1	Bacteria	4.47e-74	37.658	glycosyltransferase family 4 protein [Planctomycetota bacterium]
g19167.t1	Bacteria	4.63e-68	40.439	methyltransferase domain-containing protein [Legionellaceae bacterium]
g19167.t1	Bacteria	1.17e-60	40.063	methyltransferase domain-containing protein [Bacillus sp. (in: firmicutes)]
g19167.t1	Bacteria	1.97e-59	38.801	glycosyltransferase [Cyanobacteriota bacterium]
g19167.t1	Bacteria	1.89e-57	38.339	glycosyltransferase [Lentisphaeria bacterium]
g19168.t1	Eukaryota	0.0	92.553	hypothetical protein HA402_006587 [Bradysia odoriphaga]
g19168.t1	Eukaryota	0.0	92.021	ectopic P granules protein 5 homolog [Bradysia coprophila]
g19168.t1	Eukaryota	0.0	81.230	Ectopic P granules protein 5 like [Pseudolycoriella hygida]
g19168.t1	Eukaryota	0.0	52.660	ectopic P granules protein 5 homolog isoform X1 [Sitodiplosis mosellana]
g19168.t1	Eukaryota	0.0	52.660	ectopic P granules protein 5 homolog isoform X2 [Sitodiplosis mosellana]
